Rk,Player,Age,Team,Pos,G,GS,MP,FG,FGA,FG%,3P,3PA,3P%,2P,2PA,2P%,eFG%,FT,FTA,FT%,ORB,DRB,TRB,AST,STL,BLK,TOV,PF,PTS,Awards,Player-additional
1,Mikal Bridges,26,2TM,SG,83,83,2963,7.2,15.4,.468,2.1,5.4,.382,5.2,10.0,.514,.535,3.8,4.3,.895,1.0,3.5,4.4,3.3,1.1,0.7,1.5,1.9,20.3,,bridgmi01
1,Mikal Bridges,26,PHO,SF,56,56,2040,6.2,13.5,.463,1.8,4.6,.387,4.5,8.9,.503,.529,2.8,3.1,.897,1.0,3.3,4.3,3.5,1.1,0.8,1.4,2.0,17.0,,bridgmi01
1,Mikal Bridges,26,BRK,SG,27,27,923,9.3,19.6,.475,2.7,7.1,.376,6.7,12.6,.531,.543,6.2,7.0,.894,0.9,3.8,4.7,2.8,1.0,0.6,1.9,1.7,27.5,,bridgmi01
2,Anthony Edwards,21,MIN,SG,79,79,2842,9.0,19.5,.459,2.7,7.3,.369,6.3,12.2,.513,.528,4.0,5.3,.756,0.6,5.2,5.8,4.4,1.6,0.7,3.3,2.4,24.7,AS,edwaran01
3,Zach LaVine,27,CHI,SG,77,77,2768,8.8,18.1,.485,2.7,7.1,.375,6.1,11.0,.556,.558,4.7,5.6,.848,0.5,3.9,4.5,4.3,0.9,0.2,2.5,2.1,24.9,,lavinza01
4,Nikola Vučević,32,CHI,C,82,82,2746,7.8,15.1,.520,1.6,4.5,.349,6.2,10.5,.594,.573,1.7,2.1,.835,2.1,9.8,11.8,3.5,0.8,0.7,1.8,2.3,19.0,,vucevni01
5,Julius Randle,28,NYK,PF,77,77,2737,8.7,18.8,.459,2.9,8.4,.343,5.8,10.5,.553,.536,5.3,7.0,.757,1.9,8.2,10.1,4.2,0.6,0.3,2.8,3.1,25.5,CPOY-14ASNBA3,randlju01
6,Domantas Sabonis,26,SAC,C,79,79,2736,7.6,12.3,.615,0.4,1.1,.373,7.2,11.3,.639,.632,4.3,5.8,.742,3.3,9.5,12.8,7.5,0.9,0.5,3.0,3.7,19.9,MVP-7ASNBA3,sabondo01
7,Jayson Tatum,24,BOS,SF,74,74,2732,9.6,20.5,.466,3.2,9.0,.350,6.4,11.5,.558,.543,7.0,8.2,.854,1.0,7.5,8.6,4.5,1.0,0.7,2.8,2.1,29.3,MVP-4CPOY-10ASNBA1,tatumja01
8,Spencer Dinwiddie,29,2TM,SG,79,79,2725,6.1,13.9,.438,2.4,6.5,.369,3.7,7.4,.498,.524,3.5,4.4,.812,0.4,3.2,3.6,6.8,0.9,0.3,1.9,2.5,18.1,,dinwisp01
8,Spencer Dinwiddie,29,DAL,SG,53,53,1808,6.3,13.8,.455,2.7,6.8,.405,3.5,7.0,.504,.555,3.4,4.1,.821,0.4,2.9,3.2,5.6,0.8,0.3,1.8,2.5,18.7,,dinwisp01
8,Spencer Dinwiddie,29,BRK,PG,26,26,917,5.7,14.0,.404,1.7,5.8,.289,4.0,8.1,.488,.465,3.8,4.8,.797,0.4,3.8,4.2,9.3,1.1,0.3,2.2,2.5,16.8,,dinwisp01
9,Evan Mobley,21,CLE,PF,79,79,2715,7.0,12.6,.554,0.3,1.4,.216,6.7,11.2,.595,.566,2.7,4.0,.674,2.5,6.9,9.4,3.0,0.8,1.6,1.9,2.9,16.9,DPOY-3DEF1,mobleev01
10,Dejounte Murray,26,ATL,SG,74,74,2693,8.2,17.6,.464,1.8,5.2,.344,6.4,12.5,.514,.514,2.1,2.5,.832,0.7,4.5,5.2,6.0,1.5,0.3,2.1,1.4,20.3,,murrade01
11,DeMar DeRozan,33,CHI,SF,74,74,2682,8.8,17.5,.504,0.6,1.9,.324,8.2,15.6,.526,.522,6.1,7.0,.872,0.5,4.1,4.6,5.1,1.1,0.5,2.1,2.5,24.4,CPOY-3AS,derozde01
12,Scottie Barnes,21,TOR,SF,77,76,2678,6.2,13.7,.456,0.8,3.0,.281,5.4,10.6,.505,.487,2.6,3.3,.772,2.4,4.5,6.9,5.0,1.1,0.8,2.1,2.3,15.8,,barnesc01
13,Harrison Barnes,30,SAC,PF,82,82,2662,5.1,10.7,.473,1.8,4.8,.374,3.3,5.9,.553,.556,4.7,5.6,.847,1.2,3.8,4.9,1.7,0.8,0.1,1.2,1.4,16.6,,barneha02
14,Pascal Siakam,28,TOR,PF,71,71,2652,8.6,17.8,.480,1.3,3.9,.324,7.3,13.9,.523,.515,5.0,6.4,.774,1.8,5.8,7.5,5.6,0.9,0.5,2.3,3.1,23.3,AS,siakapa01
15,CJ McCollum,31,NOP,PG,75,75,2649,8.0,18.3,.437,2.9,7.4,.389,5.1,10.9,.469,.515,2.5,3.2,.769,0.7,3.7,4.5,5.8,1.0,0.5,2.5,2.1,21.3,,mccolcj01
16,Franz Wagner,21,ORL,SF,80,80,2609,7.5,15.4,.485,1.8,5.0,.361,5.7,10.5,.544,.543,3.7,4.4,.842,1.0,3.6,4.5,3.9,1.1,0.2,2.3,2.5,20.5,,wagnefr01
17,Jalen Green,20,HOU,SG,76,76,2602,7.8,18.8,.416,2.6,7.7,.338,5.2,11.1,.471,.485,5.0,6.4,.786,0.6,3.3,3.9,3.9,0.8,0.2,2.8,1.8,23.3,,greenja05
18,Bam Adebayo,25,MIA,C,75,75,2598,8.3,15.4,.540,0.0,0.2,.083,8.3,15.3,.545,.541,4.5,5.6,.806,2.5,7.0,9.5,3.3,1.2,0.8,2.6,2.9,21.2,DPOY-5ASDEF2,adebaba01
19,Trae Young,24,ATL,PG,73,73,2541,8.5,19.7,.429,2.2,6.5,.335,6.3,13.2,.476,.485,8.0,9.1,.886,0.8,2.3,3.1,10.5,1.1,0.1,4.3,1.5,27.1,,youngtr01
20,Fred VanVleet,28,TOR,PG,69,69,2535,6.2,15.8,.393,2.9,8.6,.342,3.3,7.2,.455,.486,3.6,4.0,.898,0.4,3.6,4.0,7.0,1.7,0.5,2.0,2.7,19.0,,vanvlfr01
21,Buddy Hield,30,IND,SF,80,73,2482,6.9,15.1,.458,4.2,9.8,.425,2.7,5.2,.518,.596,1.5,1.9,.822,1.0,4.8,5.8,3.3,1.3,0.4,2.0,2.3,19.5,,hieldbu01
22,RJ Barrett,22,NYK,SG,73,73,2475,7.4,17.1,.434,1.8,5.7,.310,5.7,11.4,.495,.485,4.2,5.7,.740,0.9,4.5,5.4,2.9,0.5,0.2,2.4,2.6,20.8,,barrerj01
23,Jordan Poole,23,GSW,PG,82,43,2458,8.1,18.7,.430,3.1,9.3,.336,4.9,9.4,.524,.514,5.3,6.1,.870,0.5,2.8,3.3,5.4,0.9,0.3,3.7,3.1,24.5,,poolejo01
24,Josh Hart,27,2TM,SF,76,52,2454,4.0,7.6,.529,0.9,2.4,.372,3.1,5.2,.601,.588,1.9,2.6,.750,2.1,6.6,8.7,4.3,1.3,0.3,1.7,2.9,10.9,,hartjo01
24,Josh Hart,27,POR,SF,51,51,1704,3.9,7.7,.504,0.7,2.4,.304,3.1,5.3,.594,.551,1.8,2.5,.731,2.0,6.8,8.8,4.2,1.1,0.2,1.7,2.8,10.3,,hartjo01
24,Josh Hart,27,NYK,SF,25,1,750,4.4,7.5,.586,1.3,2.5,.519,3.1,5.0,.619,.672,2.2,2.7,.789,2.3,6.2,8.4,4.3,1.6,0.6,1.8,3.0,12.3,,hartjo01
25,Jabari Smith Jr.,19,HOU,PF,79,79,2451,5.3,13.1,.408,1.8,5.7,.307,3.6,7.4,.487,.475,2.4,3.0,.786,1.8,6.6,8.4,1.5,0.6,1.1,1.5,3.3,14.8,,smithja05
26,Trey Murphy III,22,NOP,SF,79,65,2448,5.7,11.8,.484,3.0,7.3,.406,2.7,4.5,.611,.610,2.5,2.8,.905,0.9,3.3,4.1,1.6,1.3,0.6,0.9,2.3,16.9,,murphtr02
27,Darius Garland,23,CLE,PG,69,69,2447,7.7,16.6,.462,2.5,6.1,.410,5.2,10.5,.492,.537,4.1,4.7,.863,0.4,2.3,2.7,7.9,1.3,0.1,2.9,2.2,21.9,,garlada01
28,Tobias Harris,30,PHI,SF,74,74,2436,6.3,12.5,.501,1.9,4.8,.389,4.4,7.7,.570,.575,1.7,1.9,.876,1.0,5.3,6.3,2.7,1.0,0.6,1.3,2.2,16.0,,harrito02
29,De'Aaron Fox,25,SAC,PG,73,73,2435,10.1,19.7,.512,1.8,5.4,.324,8.3,14.3,.584,.557,5.1,6.5,.780,0.6,3.9,4.5,6.6,1.2,0.3,2.7,2.5,27.0,MVP-11CPOY-1ASNBA3,foxde01
30,Donovan Mitchell,26,CLE,SG,68,68,2432,10.1,20.8,.484,3.6,9.4,.386,6.4,11.4,.566,.572,4.7,5.4,.867,0.9,3.3,4.3,4.5,1.5,0.4,2.7,2.5,28.5,MVP-6CPOY-6ASNBA2,mitchdo01
31,Paolo Banchero,20,ORL,PF,72,72,2430,7.1,16.6,.427,1.3,4.2,.298,5.8,12.4,.471,.465,5.8,7.9,.738,1.2,6.1,7.4,4.0,0.9,0.6,3.0,2.4,21.3,ROY-1,banchpa01
32,Jaden McDaniels,22,MIN,SF,79,79,2416,5.5,10.7,.517,1.6,4.0,.398,3.9,6.7,.588,.591,1.6,2.1,.736,1.4,3.2,4.6,2.2,1.1,1.1,1.7,4.1,14.2,,mcdanja02
33,Shai Gilgeous-Alexander,24,OKC,PG,68,68,2416,10.5,20.6,.510,0.9,2.5,.345,9.6,18.1,.533,.531,10.0,11.0,.905,0.9,4.0,4.9,5.5,1.7,1.0,2.9,2.9,31.8,MVP-5CPOY-7ASNBA1,gilgesh01
34,Royce O'Neale,29,BRK,SF,76,53,2409,3.4,8.9,.386,2.4,6.3,.389,1.0,2.6,.379,.524,0.7,1.0,.725,0.8,4.9,5.7,4.2,1.0,0.7,1.7,3.6,10.0,,onealro01
35,Jaylen Brown,26,BOS,SF,67,67,2405,10.2,20.7,.491,2.4,7.3,.335,7.7,13.4,.576,.550,3.9,5.1,.765,1.2,5.7,6.9,3.5,1.1,0.4,2.9,2.6,26.7,ASNBA2,brownja02
36,Luka Dončić,23,DAL,PG,66,66,2391,10.8,21.8,.496,2.8,8.1,.342,8.0,13.7,.588,.560,7.8,10.4,.742,0.8,7.8,8.6,8.0,1.4,0.5,3.6,2.5,32.2,MVP-8CPOY-8ASNBA1,doncilu01
37,OG Anunoby,25,TOR,SF,67,67,2386,6.4,13.4,.476,2.1,5.5,.387,4.2,7.8,.539,.556,2.1,2.5,.838,1.4,3.6,5.0,2.0,1.9,0.8,2.0,3.0,17.0,DPOY-7DEF2,anunoog01
38,Keegan Murray,22,SAC,SF,80,78,2382,5.4,11.8,.453,3.1,7.6,.411,2.2,4.2,.527,.584,0.9,1.2,.765,1.3,4.3,5.6,1.5,0.9,0.6,0.9,2.4,14.8,ROY-5,murrake02
39,Kentavious Caldwell-Pope,29,DEN,SG,76,76,2381,4.4,9.6,.462,2.0,4.8,.423,2.4,4.7,.502,.569,1.6,1.9,.824,0.5,2.6,3.1,2.8,1.7,0.5,1.3,2.2,12.4,,caldwke01
40,P.J. Washington,24,CHO,PF,73,73,2380,6.6,14.8,.444,2.3,6.5,.348,4.3,8.3,.518,.520,1.9,2.6,.730,1.1,4.3,5.4,2.6,1.0,1.2,1.7,2.9,17.3,,washipj01
41,Jalen Brunson,26,NYK,PG,68,68,2379,8.9,18.1,.491,2.0,4.9,.416,6.9,13.2,.519,.547,4.9,5.9,.829,0.6,3.0,3.6,6.4,0.9,0.2,2.1,2.3,24.7,MVP-12CPOY-4,brunsja01
42,Brook Lopez,34,MIL,C,78,78,2373,7.2,13.6,.531,2.1,5.5,.374,5.2,8.1,.637,.606,2.3,2.9,.784,2.4,5.5,7.9,1.5,0.6,2.9,1.6,3.1,18.8,DPOY-2DEF1,lopezbr01
43,Josh Giddey,20,OKC,PF,76,76,2367,8.2,17.0,.482,1.2,3.6,.325,7.0,13.4,.524,.516,1.6,2.2,.731,2.3,6.9,9.1,7.1,0.9,0.5,3.2,2.2,19.2,,giddejo01
44,Reggie Bullock,31,DAL,SF,78,55,2364,2.9,7.2,.409,2.3,6.0,.380,0.6,1.1,.562,.569,0.4,0.6,.703,0.5,3.8,4.3,1.6,0.8,0.2,0.5,2.5,8.5,,bullore01
45,Immanuel Quickley,23,NYK,SG,81,21,2344,6.4,14.4,.448,2.6,7.0,.370,3.9,7.4,.521,.537,3.1,3.8,.819,0.9,4.3,5.2,4.3,1.2,0.2,1.5,2.5,18.6,6MOY-2,quickim01
46,Tyler Herro,23,MIA,SG,67,67,2337,7.5,17.1,.439,3.1,8.3,.378,4.4,8.8,.497,.531,2.6,2.8,.934,0.4,5.1,5.5,4.3,0.8,0.2,2.4,1.6,20.7,,herroty01
47,Patrick Williams,21,CHI,PF,82,65,2323,4.9,10.5,.464,1.8,4.3,.415,3.1,6.2,.498,.549,1.4,1.6,.857,1.2,3.9,5.1,1.5,1.1,1.1,1.6,2.3,12.9,,willipa01
48,Nikola Jokić,27,DEN,C,69,69,2323,10.0,15.8,.632,0.9,2.3,.383,9.1,13.5,.675,.660,5.3,6.4,.822,2.6,10.1,12.7,10.5,1.3,0.7,3.8,2.7,26.2,MVP-2CPOY-13ASNBA2,jokicni01
49,Derrick White,28,BOS,SG,82,70,2319,5.4,11.8,.462,2.3,6.1,.381,3.1,5.7,.548,.560,2.6,3.0,.875,0.8,3.7,4.5,5.0,0.8,1.2,1.5,2.7,15.8,DEF2,whitede01
50,Jaden Ivey,20,DET,SG,74,73,2304,6.4,15.4,.416,1.9,5.5,.343,4.5,9.9,.457,.477,4.2,5.6,.747,1.1,3.4,4.5,6.0,1.0,0.3,3.7,3.8,18.8,ROY-6,iveyja01
51,D'Angelo Russell,26,2TM,PG,71,71,2304,7.0,14.8,.469,3.0,7.7,.396,3.9,7.2,.548,.572,2.8,3.4,.829,0.5,2.8,3.4,6.8,1.1,0.5,2.9,2.2,19.7,,russeda01
51,D'Angelo Russell,26,MIN,PG,54,54,1778,6.8,14.7,.465,3.0,7.7,.391,3.8,7.0,.546,.567,2.9,3.4,.856,0.6,2.8,3.3,6.8,1.2,0.4,3.0,2.4,19.6,,russeda01
51,D'Angelo Russell,26,LAL,PG,17,17,526,7.3,15.1,.484,3.1,7.6,.414,4.2,7.5,.555,.588,2.5,3.4,.735,0.5,2.9,3.4,7.0,0.7,0.5,2.7,1.6,20.3,,russeda01
52,Draymond Green,32,GSW,PF,73,73,2297,3.9,7.4,.527,0.6,2.1,.305,3.3,5.4,.612,.570,1.2,1.7,.713,1.0,7.2,8.2,7.8,1.2,0.9,3.2,3.6,9.7,DPOY-4DEF2,greendr01
53,KJ Martin,22,HOU,SF,82,49,2292,6.4,11.3,.569,1.1,3.4,.315,5.4,7.9,.679,.617,2.4,3.5,.680,2.0,5.1,7.1,1.9,0.6,0.5,1.4,2.3,16.3,,martike04
54,Joel Embiid,28,PHI,C,66,66,2284,11.5,20.9,.548,1.0,3.2,.330,10.4,17.8,.587,.573,10.4,12.2,.857,1.8,8.8,10.6,4.3,1.0,1.8,3.6,3.2,34.4,MVP-1DPOY-9CPOY-5ASNBA1,embiijo01
55,Bruce Brown,26,DEN,SF,80,31,2280,5.7,11.7,.483,1.4,4.0,.358,4.2,7.7,.548,.545,1.8,2.4,.758,1.0,4.2,5.2,4.2,1.4,0.8,1.9,3.0,14.6,,brownbr01
56,Klay Thompson,32,GSW,SF,69,69,2279,8.6,19.8,.436,4.8,11.5,.412,3.9,8.2,.470,.556,1.8,2.1,.879,0.6,3.9,4.5,2.6,0.8,0.5,1.9,2.1,23.8,,thompkl01
57,Jalen Williams,21,OKC,SG,75,62,2276,6.5,12.6,.521,1.2,3.2,.356,5.4,9.3,.579,.567,2.5,3.0,.812,1.3,4.0,5.3,3.9,1.6,0.6,1.9,3.0,16.7,ROY-2,willija06
58,Lauri Markkanen,25,UTA,PF,66,66,2273,9.0,18.1,.499,3.2,8.1,.391,5.9,10.0,.585,.586,5.5,6.3,.875,2.1,7.0,9.0,1.9,0.7,0.6,2.0,2.2,26.8,MIP-1AS,markkla01
59,Max Strus,26,MIA,SF,80,33,2272,5.1,12.5,.410,3.1,8.9,.350,2.0,3.6,.559,.535,1.2,1.4,.876,0.8,3.3,4.1,2.7,0.7,0.2,1.1,2.6,14.6,,strusma01
60,Luguentz Dort,23,OKC,SF,74,73,2272,5.4,13.8,.388,2.1,6.5,.330,3.2,7.4,.440,.466,3.2,4.1,.772,2.0,3.4,5.5,2.4,1.2,0.4,1.5,3.9,16.1,,dortlu01
61,Nic Claxton,23,BRK,C,76,76,2271,6.6,9.3,.705,0.0,0.0,.000,6.6,9.3,.708,.705,2.1,3.9,.541,2.9,8.2,11.1,2.3,1.0,3.0,1.5,3.4,15.2,DPOY-9,claxtni01
62,Jerami Grant,28,POR,PF,63,63,2246,7.0,14.6,.475,2.3,5.8,.401,4.6,8.9,.523,.554,4.5,5.5,.813,0.8,3.7,4.5,2.4,0.8,0.8,1.9,2.4,20.7,,grantje01
63,Kyrie Irving,30,2TM,SG,60,60,2241,9.5,19.3,.494,3.0,8.0,.379,6.5,11.4,.574,.572,4.0,4.4,.905,0.9,3.9,4.9,5.3,1.1,0.7,2.1,2.7,26.1,CPOY-12AS,irvinky01
63,Kyrie Irving,30,BRK,PG,40,40,1478,9.7,19.9,.486,3.2,8.5,.374,6.5,11.5,.569,.565,3.8,4.4,.883,0.9,4.0,5.0,5.1,1.0,0.8,2.2,2.7,26.4,,irvinky01
63,Kyrie Irving,30,DAL,SG,20,20,763,9.2,18.1,.510,2.7,7.0,.392,6.5,11.1,.585,.586,4.2,4.4,.947,1.0,3.7,4.7,5.7,1.2,0.6,1.7,2.6,25.4,,irvinky01
64,Kyle Kuzma,27,WAS,PF,64,64,2239,8.2,18.4,.448,2.6,7.7,.333,5.7,10.6,.533,.518,2.8,3.8,.730,0.9,6.6,7.4,3.8,0.6,0.5,3.1,2.3,21.8,,kuzmaky01
65,Caris LeVert,28,CLE,SG,74,30,2237,5.1,11.9,.431,2.0,5.2,.392,3.1,6.7,.462,.517,2.1,2.9,.722,0.9,3.7,4.5,4.6,1.2,0.4,1.9,2.7,14.4,,leverca01
66,Bennedict Mathurin,20,IND,SG,78,17,2222,6.7,15.4,.434,1.6,5.0,.323,5.1,10.4,.488,.487,6.1,7.4,.828,1.4,3.7,5.2,1.9,0.8,0.2,2.5,2.6,21.1,ROY-46MOY-8,mathube01
67,Terry Rozier,28,CHO,SG,63,63,2221,8.0,19.3,.415,2.7,8.2,.327,5.3,11.1,.480,.484,2.9,3.6,.809,0.8,3.4,4.2,5.2,1.2,0.3,2.2,1.9,21.5,,roziete01
68,Jarrett Allen,24,CLE,C,68,68,2220,6.5,10.2,.644,0.0,0.2,.100,6.5,10.0,.653,.645,2.6,3.6,.733,3.6,7.2,10.8,1.8,0.9,1.4,1.5,2.5,15.7,,allenja01
69,Dillon Brooks,27,MEM,SF,73,73,2214,6.4,16.1,.396,2.3,7.1,.326,4.0,9.0,.451,.468,2.0,2.5,.779,0.7,3.2,4.0,3.1,1.1,0.3,1.7,3.9,17.0,DEF2,brookdi01
70,Kevin Huerter,24,SAC,SG,75,75,2203,6.9,14.2,.485,3.3,8.3,.402,3.5,5.8,.604,.603,1.6,2.1,.725,0.7,3.4,4.1,3.6,1.3,0.4,1.6,3.0,18.6,,huertke01
71,Jrue Holiday,32,MIL,PG,67,65,2183,8.1,16.9,.479,2.6,6.8,.384,5.5,10.1,.542,.556,2.5,2.9,.859,1.3,4.3,5.6,8.2,1.3,0.4,3.2,1.9,21.3,DPOY-7ASDEF1,holidjr01
72,Alperen Şengün,20,HOU,C,75,72,2171,7.3,13.2,.553,0.3,0.9,.333,7.0,12.3,.570,.565,3.4,4.8,.715,4.0,7.2,11.2,4.8,1.2,1.2,3.2,4.3,18.4,,sengual01
73,Anfernee Simons,23,POR,SG,62,62,2171,7.7,17.3,.447,3.5,9.3,.377,4.2,8.0,.528,.548,2.7,3.0,.894,0.3,2.4,2.7,4.2,0.7,0.2,2.1,2.4,21.7,,simonan01
74,Ivica Zubac,25,LAC,C,76,76,2170,5.4,8.5,.634,0.0,0.0,.000,5.4,8.5,.637,.634,2.8,3.9,.697,3.9,8.6,12.5,1.3,0.5,1.6,1.9,3.6,13.6,,zubaciv01
75,Killian Hayes,21,DET,PG,76,56,2154,5.1,13.6,.377,1.3,4.8,.280,3.8,8.8,.429,.426,1.5,1.9,.821,0.5,3.2,3.7,7.9,1.7,0.5,2.9,3.7,13.1,,hayeski01
76,Tim Hardaway Jr.,30,DAL,SF,71,45,2152,5.7,14.2,.401,3.5,9.2,.385,2.1,5.0,.431,.527,2.1,2.8,.770,0.4,3.8,4.2,2.2,0.8,0.2,1.0,2.0,17.0,,hardati02
77,De'Anthony Melton,24,PHI,SG,77,58,2150,4.6,10.9,.425,2.6,6.7,.390,2.0,4.2,.484,.546,1.2,1.5,.793,1.2,4.1,5.2,3.3,2.1,0.7,1.7,3.2,13.1,,meltode01
78,Rudy Gobert,30,MIN,C,70,70,2148,6.0,9.2,.659,0.0,0.1,.000,6.0,9.1,.663,.659,3.7,5.7,.644,3.9,9.8,13.6,1.5,0.9,1.6,2.0,3.5,15.7,,goberru01
79,Jimmy Butler,33,MIA,PF,64,64,2138,8.1,15.0,.539,0.6,1.7,.350,7.5,13.2,.564,.560,7.9,9.3,.850,2.4,3.9,6.3,5.7,2.0,0.4,1.7,1.3,24.7,MVP-10DPOY-12CPOY-2NBA2,butleji01
80,James Harden,33,PHI,PG,58,58,2135,6.3,14.2,.441,2.7,7.0,.385,3.5,7.1,.495,.536,5.3,6.1,.867,0.7,5.3,6.0,10.4,1.2,0.5,3.3,1.9,20.5,,hardeja01
81,Jamal Murray,25,DEN,PG,65,65,2133,8.0,17.6,.454,2.9,7.3,.398,5.1,10.3,.494,.537,3.0,3.6,.833,0.8,3.5,4.3,6.8,1.1,0.3,2.4,1.7,21.9,,murraja01
82,John Collins,25,ATL,PF,71,71,2130,6.1,11.9,.508,1.2,4.1,.292,4.9,7.9,.619,.557,2.4,3.0,.803,1.3,6.5,7.8,1.4,0.7,1.2,1.3,3.7,15.7,,collijo01
83,Saddiq Bey,23,2TM,SF,77,37,2129,6.0,14.1,.422,2.6,7.1,.361,3.4,7.1,.483,.513,3.5,4.0,.861,1.7,4.5,6.1,2.0,1.2,0.2,1.2,2.1,18.0,,beysa01
83,Saddiq Bey,23,DET,SF,52,30,1500,5.9,14.5,.404,2.4,7.0,.345,3.5,7.5,.460,.488,4.3,5.0,.861,1.4,4.4,5.8,2.0,1.2,0.3,1.3,2.1,18.5,,beysa01
83,Saddiq Bey,23,ATL,SF,25,7,629,6.2,13.2,.470,2.9,7.2,.400,3.3,6.0,.552,.578,1.4,1.7,.862,2.2,4.6,6.9,1.9,1.1,0.1,1.0,2.1,16.7,,beysa01
84,De'Andre Hunter,25,ATL,SF,67,67,2126,6.4,13.9,.461,1.7,4.8,.350,4.7,9.1,.521,.522,2.9,3.5,.826,0.8,4.0,4.8,1.6,0.6,0.3,1.4,3.4,17.4,,huntede01
85,Russell Westbrook,34,2TM,PG,73,24,2126,7.3,16.8,.436,1.5,4.8,.311,5.8,11.9,.487,.481,3.5,5.3,.656,1.5,5.7,7.2,9.3,1.3,0.6,4.3,2.7,19.6,6MOY-9,westbru01
85,Russell Westbrook,34,LAL,PG,52,3,1491,7.3,17.6,.417,1.5,5.1,.296,5.8,12.5,.467,.460,3.8,5.7,.655,1.4,6.3,7.8,9.4,1.3,0.6,4.4,2.9,20.0,,westbru01
85,Russell Westbrook,34,LAC,PG,21,21,635,7.3,14.9,.489,1.5,4.1,.356,5.8,10.7,.540,.538,2.8,4.3,.658,1.7,4.1,5.8,9.1,1.3,0.6,4.0,2.3,18.8,,westbru01
86,Quentin Grimes,22,NYK,SG,71,66,2121,4.8,10.2,.468,2.7,6.9,.386,2.1,3.3,.641,.599,1.3,1.7,.796,0.8,3.1,3.9,2.5,0.8,0.4,1.2,3.0,13.6,,grimequ01
87,Kristaps Porziņģis,27,WAS,C,65,65,2120,8.6,17.3,.498,2.3,6.0,.385,6.3,11.2,.559,.565,6.0,7.1,.851,1.9,7.3,9.3,3.0,1.0,1.7,2.3,3.3,25.6,,porzikr01
88,Gary Trent Jr.,24,TOR,SG,66,44,2118,6.9,15.9,.433,2.8,7.6,.369,4.1,8.2,.493,.522,2.9,3.5,.839,0.5,2.4,2.9,1.8,1.8,0.2,0.9,1.7,19.5,,trentga02
89,Damian Lillard,32,POR,PG,58,58,2107,9.5,20.5,.463,4.2,11.2,.371,5.3,9.3,.574,.564,8.7,9.5,.914,0.8,4.0,4.7,7.3,0.9,0.3,3.3,1.9,31.9,CPOY-10ASNBA3,lillada01
90,Ayo Dosunmu,23,CHI,SG,80,51,2098,4.8,9.8,.493,1.0,3.2,.312,3.8,6.5,.583,.545,1.1,1.4,.805,0.8,3.0,3.8,3.5,1.1,0.4,1.7,3.1,11.8,,dosunay01
91,Corey Kispert,23,WAS,SF,74,45,2093,5.0,10.1,.497,2.8,6.6,.424,2.2,3.5,.637,.637,1.3,1.5,.852,0.6,3.0,3.6,1.5,0.6,0.2,0.9,1.7,14.1,,kispeco01
92,Malik Beasley,26,2TM,SG,81,27,2093,6.4,16.1,.395,4.0,11.3,.357,2.3,4.8,.484,.520,0.9,1.1,.769,0.6,4.3,4.9,2.1,1.1,0.2,1.5,1.8,17.6,,beaslma01
92,Malik Beasley,26,UTA,SG,55,13,1472,6.5,16.4,.396,4.1,11.5,.359,2.3,4.8,.485,.522,0.9,1.1,.841,0.7,4.2,4.8,2.3,1.1,0.2,1.5,1.8,18.0,,beaslma01
92,Malik Beasley,26,LAL,SG,26,14,621,6.1,15.5,.392,3.8,10.8,.353,2.3,4.7,.481,.515,0.8,1.2,.619,0.5,4.5,5.0,1.8,1.2,0.1,1.7,1.9,16.8,,beaslma01
93,Caleb Martin,27,MIA,SF,71,49,2077,4.4,9.5,.464,1.5,4.1,.356,2.9,5.4,.545,.540,1.6,2.0,.805,1.5,4.4,6.0,2.0,1.2,0.5,1.4,2.5,11.8,,martica02
94,Andrew Nembhard,23,IND,SG,75,63,2073,4.9,11.2,.441,1.6,4.6,.350,3.3,6.6,.504,.512,0.9,1.1,.790,0.6,2.8,3.5,5.9,1.2,0.2,2.2,3.1,12.3,,nembhan01
95,Keldon Johnson,23,SAS,SF,63,63,2063,8.8,19.4,.452,2.3,7.1,.329,6.4,12.3,.523,.512,4.3,5.7,.749,1.0,4.6,5.5,3.2,0.8,0.2,2.3,2.2,24.2,,johnske04
96,Aaron Gordon,27,DEN,PF,68,68,2055,7.5,13.3,.564,1.1,3.0,.347,6.5,10.3,.628,.603,3.3,5.5,.608,2.9,4.9,7.8,3.6,0.9,0.9,1.7,2.3,19.4,,gordoaa01
97,Mason Plumlee,32,2TM,C,79,60,2054,5.8,8.5,.680,0.0,0.0,,5.8,8.5,.680,.680,3.5,5.5,.636,4.0,8.3,12.3,4.3,0.8,0.8,2.1,3.8,15.0,,plumlma01
97,Mason Plumlee,32,CHO,C,56,56,1597,6.0,8.9,.669,0.0,0.0,,6.0,8.9,.669,.669,3.5,5.8,.605,4.2,8.0,12.2,4.6,0.8,0.8,2.0,3.6,15.4,,plumlma01
97,Mason Plumlee,32,LAC,C,23,4,457,5.0,6.9,.727,0.0,0.0,,5.0,6.9,.727,.727,3.5,4.5,.772,3.3,9.2,12.5,3.2,0.9,0.9,2.4,4.4,13.5,,plumlma01
98,Grant Williams,24,BOS,PF,79,23,2045,3.8,8.4,.454,2.0,5.1,.395,1.8,3.3,.546,.575,1.7,2.1,.770,1.5,4.9,6.4,2.3,0.7,0.5,1.4,3.4,11.3,,willigr01
99,Deandre Ayton,24,PHO,C,67,67,2035,9.2,15.7,.589,0.1,0.4,.292,9.1,15.3,.597,.592,2.7,3.5,.760,3.0,8.8,11.8,2.0,0.7,0.9,2.1,3.4,21.3,,aytonde01
100,Mike Conley,35,2TM,PG,67,66,2029,4.6,10.8,.428,2.4,6.2,.385,2.2,4.6,.486,.539,2.5,3.0,.834,0.6,2.6,3.2,8.0,1.3,0.2,1.8,2.5,14.2,,conlemi01
100,Mike Conley,35,UTA,PG,43,42,1276,4.3,10.6,.408,2.2,6.0,.362,2.1,4.6,.469,.511,2.2,2.7,.813,0.5,2.5,3.0,9.3,1.2,0.3,2.1,2.7,13.0,,conlemi01
100,Mike Conley,35,MIN,PG,24,24,753,5.2,11.2,.460,2.8,6.6,.420,2.4,4.6,.515,.583,3.0,3.5,.863,0.8,2.8,3.6,5.7,1.4,0.2,1.4,2.2,16.1,,conlemi01
101,Giannis Antetokounmpo,28,MIL,PF,63,63,2024,12.6,22.7,.553,0.8,3.0,.275,11.7,19.7,.596,.572,8.9,13.7,.645,2.4,10.8,13.2,6.4,0.9,0.9,4.4,3.5,34.8,MVP-3DPOY-6ASNBA1,antetgi01
102,Kevin Porter Jr.,22,HOU,PG,59,59,2024,7.0,15.7,.442,2.5,6.8,.366,4.4,8.9,.501,.522,3.7,4.7,.784,1.4,4.2,5.6,6.0,1.5,0.3,3.3,2.8,20.1,,porteke02
103,Deni Avdija,22,WAS,SF,76,40,2020,4.5,10.3,.437,1.2,4.1,.297,3.3,6.2,.530,.497,2.2,2.9,.739,1.3,7.4,8.7,3.8,1.2,0.5,2.2,3.7,12.4,,avdijde01
104,Tyrese Maxey,22,PHI,SG,60,41,2016,7.8,16.3,.481,2.9,6.6,.434,5.0,9.7,.513,.568,3.2,3.8,.845,0.4,2.7,3.1,3.8,0.9,0.1,1.4,2.4,21.7,,maxeyty01
105,Dorian Finney-Smith,29,2TM,PF,66,66,2009,3.5,9.0,.391,2.0,6.1,.337,1.5,2.9,.503,.505,0.8,1.1,.763,2.0,3.6,5.7,1.8,1.0,0.6,1.1,2.6,9.9,,finnedo01
105,Dorian Finney-Smith,29,DAL,PF,40,40,1288,3.6,8.7,.416,2.2,6.1,.355,1.5,2.6,.559,.540,0.8,1.1,.750,1.9,3.4,5.3,1.6,1.1,0.6,1.0,2.2,10.2,,finnedo01
105,Dorian Finney-Smith,29,BRK,PF,26,26,721,3.3,9.5,.351,1.8,6.0,.306,1.5,3.5,.429,.448,0.7,0.9,.789,2.3,4.0,6.4,2.0,0.8,0.8,1.3,3.2,9.3,,finnedo01
106,Jordan Clarkson,30,UTA,SG,61,61,1988,8.3,18.7,.444,2.8,8.3,.338,5.5,10.4,.530,.519,3.6,4.4,.816,1.3,3.2,4.5,4.9,0.6,0.2,3.4,2.2,23.0,,clarkjo01
107,Dennis Schröder,29,LAL,PG,66,50,1986,4.9,11.8,.415,1.3,4.1,.329,3.6,7.7,.461,.472,3.9,4.6,.857,0.4,2.6,3.0,5.4,0.9,0.2,2.0,2.6,15.0,,schrode01
108,Tre Jones,23,SAS,PG,68,65,1984,6.2,13.5,.459,0.8,2.9,.285,5.4,10.6,.506,.489,2.7,3.1,.860,1.0,3.4,4.4,8.1,1.6,0.2,2.0,1.8,15.9,,jonestr01
109,Grayson Allen,27,MIL,SG,72,70,1972,4.5,10.2,.440,2.7,6.7,.399,1.8,3.5,.518,.571,2.1,2.3,.905,1.1,3.2,4.3,3.0,1.1,0.3,1.3,2.1,13.7,,allengr01
110,Jonas Valančiūnas,30,NOP,C,79,79,1968,8.2,14.9,.547,0.7,2.0,.349,7.5,12.9,.577,.570,3.4,4.1,.826,4.1,10.6,14.7,2.6,0.4,1.0,2.9,4.5,20.4,,valanjo01
111,Eric Gordon,34,2TM,SG,69,58,1965,5.3,12.0,.446,2.4,6.5,.371,2.9,5.4,.535,.547,2.6,3.2,.821,0.3,2.2,2.5,3.4,0.8,0.5,1.9,1.4,15.7,,gordoer01
111,Eric Gordon,34,HOU,SG,47,47,1418,5.3,12.1,.439,2.2,6.2,.347,3.2,5.9,.536,.528,2.8,3.4,.815,0.3,2.2,2.5,3.5,0.8,0.4,2.1,1.1,15.6,,gordoer01
111,Eric Gordon,34,LAC,SG,22,11,547,5.3,11.5,.463,3.1,7.3,.423,2.2,4.2,.531,.597,2.1,2.5,.842,0.3,2.2,2.4,3.1,0.9,0.5,1.4,2.2,15.9,,gordoer01
112,Kevon Looney,26,GSW,C,82,70,1958,4.4,7.1,.630,0.0,0.0,.000,4.4,7.0,.632,.630,1.7,2.8,.606,5.0,8.9,14.0,3.8,1.0,0.9,0.8,4.1,10.6,,looneke01
113,Kyle Anderson,29,MIN,PF,69,46,1957,4.6,9.1,.509,0.8,1.9,.410,3.8,7.2,.536,.553,1.8,2.5,.735,1.2,5.6,6.8,6.2,1.4,1.2,1.9,2.7,11.9,,anderky01
114,Marcus Smart,28,BOS,PG,61,61,1957,4.6,11.1,.415,2.1,6.3,.336,2.5,4.8,.519,.511,1.6,2.2,.746,0.8,2.7,3.5,7.0,1.7,0.4,2.6,3.2,12.9,,smartma01
115,LeBron James,38,LAL,PF,55,54,1954,11.2,22.5,.500,2.2,6.9,.321,9.0,15.5,.580,.549,4.6,6.0,.768,1.2,7.2,8.4,6.9,0.9,0.6,3.3,1.6,29.3,ASNBA3,jamesle01
116,Herbert Jones,24,NOP,PF,66,66,1951,4.3,9.2,.469,1.0,3.1,.335,3.3,6.2,.536,.525,2.3,3.0,.764,1.8,3.2,5.0,3.0,1.9,0.8,1.6,3.8,12.0,,joneshe01
117,Torrey Craig,32,PHO,PF,79,60,1948,4.2,9.2,.456,1.8,4.7,.395,2.4,4.6,.518,.556,0.6,0.8,.711,2.7,5.2,7.9,2.2,0.9,1.1,1.3,3.3,10.9,,craigto01
118,Ja Morant,23,MEM,PG,61,59,1948,10.5,22.4,.466,1.7,5.5,.307,8.8,16.9,.519,.504,6.9,9.2,.748,1.1,5.5,6.6,9.1,1.2,0.3,3.8,1.8,29.5,MVP-12AS,moranja01
119,Kelly Olynyk,31,UTA,C,68,68,1942,5.2,10.3,.499,1.7,4.4,.394,3.4,6.0,.576,.583,3.7,4.3,.853,1.5,6.3,7.8,4.7,1.1,0.7,3.1,4.3,15.7,,olynyke01
120,Stephen Curry,34,GSW,PG,56,56,1941,10.4,21.0,.493,5.1,11.9,.427,5.3,9.2,.579,.614,4.8,5.2,.915,0.7,5.6,6.3,6.5,1.0,0.4,3.3,2.2,30.6,MVP-9CPOY-9ASNBA2,curryst01
121,Tyus Jones,26,MEM,PG,80,22,1940,5.8,13.2,.438,2.2,6.0,.371,3.5,7.1,.495,.523,1.5,1.9,.800,0.5,3.2,3.7,7.7,1.5,0.1,1.4,0.6,15.3,6MOY-6,jonesty01
122,Paul George,32,LAC,SF,56,56,1939,8.5,18.6,.457,2.9,7.9,.371,5.6,10.7,.521,.536,4.8,5.5,.871,0.8,5.5,6.3,5.3,1.5,0.4,3.3,3.0,24.7,AS,georgpa01
123,Al Horford,36,BOS,C,63,63,1922,4.3,9.0,.476,2.7,6.1,.446,1.6,2.9,.539,.627,0.3,0.4,.714,1.4,5.9,7.3,3.5,0.6,1.1,0.7,2.3,11.5,,horfoal01
124,P.J. Tucker,37,PHI,PF,75,75,1920,1.8,4.2,.427,1.0,2.6,.393,0.8,1.6,.482,.549,0.4,0.4,.826,1.8,3.8,5.5,1.1,0.7,0.3,0.8,3.4,5.0,,tuckepj01
125,Jalen McDaniels,25,2TM,SF,80,24,1913,5.3,11.6,.455,1.4,4.4,.332,3.8,7.2,.530,.518,2.2,2.6,.841,1.2,5.3,6.5,2.4,1.6,0.6,1.8,3.9,14.2,,mcdanja01
125,Jalen McDaniels,25,CHO,SF,56,21,1494,5.3,11.9,.447,1.6,4.9,.322,3.8,7.0,.534,.513,2.1,2.5,.846,1.1,5.4,6.5,2.7,1.6,0.7,1.9,3.8,14.3,,mcdanja01
125,Jalen McDaniels,25,PHI,SF,24,3,419,5.2,10.6,.488,1.0,2.6,.400,4.1,8.0,.516,.537,2.4,2.9,.824,1.6,4.9,6.5,1.6,1.5,0.4,1.1,4.4,13.7,,mcdanja01
126,Jakob Poeltl,27,2TM,C,72,71,1906,7.3,11.7,.629,0.0,0.0,.000,7.3,11.7,.630,.629,2.2,3.8,.592,4.5,7.9,12.3,3.7,1.2,1.6,2.4,3.7,16.9,,poeltja01
126,Jakob Poeltl,27,SAS,C,46,46,1199,7.2,11.6,.616,0.0,0.0,.000,7.2,11.6,.618,.616,2.3,3.9,.605,4.6,7.9,12.5,4.2,1.1,1.6,2.9,3.5,16.7,,poeltja01
126,Jakob Poeltl,27,TOR,C,26,25,707,7.6,11.7,.652,0.0,0.0,,7.6,11.7,.652,.652,2.1,3.7,.569,4.3,7.8,12.1,2.9,1.5,1.7,1.5,3.9,17.4,,poeltja01
127,Anthony Davis,29,LAL,C,56,54,1904,10.2,18.2,.563,0.4,1.4,.257,9.9,16.8,.589,.573,6.6,8.4,.784,3.7,9.6,13.3,2.8,1.1,2.2,2.3,2.8,27.4,,davisan02
128,Donte DiVincenzo,26,GSW,SG,72,36,1894,4.5,10.3,.435,2.9,7.2,.397,1.6,3.1,.525,.574,1.1,1.3,.817,1.5,4.7,6.2,4.8,1.8,0.2,2.1,2.5,12.9,,divindo01
129,Bojan Bogdanović,33,DET,PF,59,59,1893,8.2,16.8,.488,2.8,6.7,.411,5.4,10.1,.539,.570,5.1,5.8,.884,0.7,3.6,4.2,2.9,0.6,0.2,2.6,2.1,24.2,,bogdabo02
130,Chris Paul,37,PHO,PG,59,59,1889,5.6,12.7,.440,1.9,5.0,.375,3.7,7.8,.482,.513,2.5,3.0,.831,0.5,4.3,4.8,10.0,1.7,0.4,2.2,2.4,15.6,,paulch01
131,Tyrese Haliburton,22,IND,PG,56,56,1883,7.9,16.1,.490,3.1,7.7,.400,4.8,8.4,.572,.586,3.3,3.8,.871,0.6,3.3,3.9,11.2,1.7,0.5,2.7,1.3,22.2,AS,halibty01
132,Jarred Vanderbilt,23,2TM,PF,78,65,1879,4.7,8.6,.548,0.6,1.7,.322,4.2,6.9,.604,.580,1.8,2.7,.691,3.3,7.9,11.2,3.5,1.6,0.4,1.9,3.6,11.9,,vandeja01
132,Jarred Vanderbilt,23,UTA,PF,52,41,1254,5.0,8.9,.556,0.5,1.6,.333,4.4,7.3,.606,.587,1.9,2.9,.657,3.5,8.3,11.7,4.1,1.5,0.4,2.0,3.8,12.4,,vandeja01
132,Jarred Vanderbilt,23,LAL,PF,26,24,625,4.3,8.1,.529,0.6,1.9,.303,3.7,6.2,.598,.564,1.7,2.1,.784,2.8,7.1,10.0,2.4,1.7,0.3,1.7,3.3,10.8,,vandeja01
133,Terance Mann,26,LAC,SG,81,36,1872,5.2,10.1,.519,1.5,3.8,.389,3.8,6.3,.598,.593,1.8,2.3,.780,1.5,3.8,5.3,3.5,0.8,0.4,1.5,2.9,13.7,,mannte01
134,Troy Brown Jr.,23,LAL,SF,76,45,1860,3.9,9.0,.430,2.1,5.4,.381,1.8,3.6,.505,.545,0.7,0.8,.872,1.2,4.8,6.0,1.8,1.1,0.3,0.9,2.3,10.5,,browntr01
135,Onyeka Okongwu,22,ATL,C,80,18,1849,6.2,9.7,.638,0.1,0.3,.308,6.1,9.4,.647,.642,3.0,3.8,.781,4.2,7.0,11.2,1.6,1.1,2.1,1.6,4.9,15.4,,okongon01
136,Austin Reaves,24,LAL,SG,64,22,1843,5.1,9.6,.529,1.7,4.2,.398,3.4,5.4,.631,.616,4.5,5.2,.864,0.6,3.1,3.8,4.2,0.6,0.4,1.9,2.1,16.3,6MOY-7,reaveau01
137,Desmond Bane,24,MEM,SG,58,58,1841,8.8,18.4,.479,3.2,8.0,.408,5.6,10.4,.534,.568,3.5,4.0,.883,0.8,4.8,5.7,5.0,1.1,0.4,2.5,2.9,24.4,,banede01
138,Devin Booker,26,PHO,SG,53,53,1835,10.3,20.9,.494,2.2,6.2,.351,8.2,14.7,.554,.546,6.0,7.0,.855,0.9,3.8,4.7,5.7,1.0,0.4,2.8,3.1,28.9,,bookede01
139,Marcus Morris,33,LAC,PF,65,65,1825,5.4,12.7,.426,2.2,6.1,.364,3.2,6.6,.484,.513,1.3,1.7,.782,0.6,4.5,5.1,2.2,0.8,0.4,1.1,2.7,14.4,,morrima03
140,Myles Turner,26,IND,C,62,62,1825,7.9,14.5,.548,1.8,4.9,.373,6.1,9.5,.638,.612,4.3,5.4,.783,1.7,7.5,9.2,1.8,0.7,2.8,2.0,4.2,22.0,,turnemy01
141,Bobby Portis,27,MIL,PF,70,22,1818,7.9,15.9,.496,1.9,5.1,.370,6.0,10.8,.555,.555,1.9,2.5,.768,3.0,10.3,13.3,2.1,0.6,0.3,1.6,2.3,19.5,6MOY-3,portibo01
142,Aaron Nesmith,23,IND,SF,73,60,1816,5.0,11.7,.427,2.3,6.2,.366,2.7,5.5,.496,.525,2.4,2.8,.838,1.2,4.3,5.5,1.9,1.1,0.7,1.5,4.7,14.6,,nesmiaa01
143,Patrick Beverley,34,2TM,SG,67,67,1816,2.9,7.1,.400,1.6,4.7,.335,1.3,2.4,.529,.511,0.9,1.3,.723,0.9,4.0,4.9,3.8,1.2,0.8,1.2,3.7,8.2,,beverpa01
143,Patrick Beverley,34,LAL,SG,45,45,1211,2.9,7.2,.402,1.6,4.7,.348,1.2,2.5,.506,.517,1.2,1.5,.780,0.7,3.4,4.2,3.5,1.2,0.7,1.2,3.7,8.6,,beverpa01
143,Patrick Beverley,34,CHI,PG,22,22,605,2.8,7.1,.395,1.5,4.8,.309,1.3,2.3,.579,.500,0.5,0.9,.533,1.2,5.2,6.4,4.5,1.4,1.0,1.1,3.7,7.6,,beverpa01
144,Jevon Carter,27,MIL,PG,81,39,1810,4.8,11.2,.423,2.8,6.7,.421,1.9,4.5,.425,.549,0.6,0.8,.816,0.7,3.3,4.0,3.9,1.3,0.6,1.6,3.1,12.9,,carteje01
145,Michael Porter Jr.,24,DEN,SF,62,62,1798,8.0,16.4,.487,3.8,9.1,.414,4.2,7.3,.579,.602,1.9,2.4,.800,1.3,5.5,6.8,1.3,0.7,0.6,1.4,2.4,21.6,,portemi01
146,Naji Marshall,25,NOP,SF,77,21,1792,5.0,11.5,.433,1.3,4.4,.303,3.6,7.1,.513,.490,2.8,3.5,.789,1.0,4.6,5.6,3.8,1.1,0.3,1.9,2.3,14.0,,marshna01
147,Jaren Jackson Jr.,23,MEM,C,63,63,1787,8.4,16.6,.506,2.0,5.7,.355,6.4,10.9,.585,.567,4.9,6.2,.788,2.2,6.4,8.6,1.2,1.3,3.8,2.2,4.6,23.6,DPOY-1ASDEF1,jacksja02
148,Shaedon Sharpe,19,POR,SG,80,15,1779,6.2,13.1,.472,2.1,5.7,.360,4.1,7.4,.559,.551,1.5,2.1,.714,1.3,3.5,4.8,1.9,0.8,0.5,1.7,2.8,16.0,,sharpsh01
149,Markelle Fultz,24,ORL,PG,60,60,1778,7.1,13.7,.514,0.5,1.8,.310,6.5,12.0,.544,.534,2.3,2.9,.783,1.4,3.3,4.7,6.9,1.8,0.5,2.8,2.7,16.9,,fultzma01
150,Tari Eason,21,HOU,PF,82,5,1767,6.0,13.4,.448,1.2,3.5,.343,4.8,9.9,.486,.493,2.2,3.0,.752,4.0,6.1,10.1,1.8,2.0,1.0,2.1,3.9,15.5,,easonta01
151,Gabe Vincent,26,MIA,PG,68,34,1759,4.7,11.6,.402,2.4,7.2,.334,2.3,4.4,.512,.505,1.4,1.6,.872,0.6,2.4,3.0,3.4,1.3,0.1,1.9,3.2,13.1,,vincega01
152,Kawhi Leonard,31,LAC,SF,52,50,1748,9.2,17.9,.512,2.1,5.1,.416,7.0,12.8,.551,.572,5.0,5.7,.871,1.2,5.8,7.0,4.2,1.5,0.6,1.8,1.7,25.5,,leonaka01
153,Malcolm Brogdon,30,BOS,PG,67,0,1744,7.3,15.1,.484,2.7,6.1,.444,4.6,9.0,.510,.574,3.3,3.8,.870,0.9,4.9,5.8,5.1,0.9,0.4,2.0,2.3,20.6,6MOY-1,brogdma01
154,Christian Wood,27,DAL,C,67,17,1738,8.2,15.9,.515,2.2,5.8,.376,6.0,10.1,.594,.583,4.5,5.8,.772,1.8,8.4,10.2,2.5,0.6,1.5,2.5,3.5,23.1,6MOY-9,woodch01
155,Coby White,22,CHI,SG,74,2,1730,5.5,12.4,.443,2.7,7.2,.372,2.8,5.2,.540,.551,1.3,1.5,.871,0.3,4.1,4.4,4.2,1.1,0.1,1.5,2.5,14.9,,whiteco01
156,Clint Capela,28,ATL,C,65,63,1730,7.3,11.2,.653,0.0,0.0,.000,7.3,11.1,.654,.653,1.6,2.7,.603,5.4,9.6,14.9,1.2,0.9,1.6,1.1,2.9,16.2,,capelca01
157,Malik Monk,24,SAC,SG,77,0,1719,7.5,16.7,.448,3.0,8.3,.359,4.5,8.3,.538,.538,3.9,4.3,.889,0.7,3.6,4.3,6.2,1.0,0.4,3.1,2.6,21.8,6MOY-5,monkma01
158,Kyle Lowry,36,MIA,PG,55,44,1718,4.1,10.2,.404,2.2,6.5,.345,1.9,3.7,.509,.514,2.4,2.8,.859,0.9,3.8,4.7,5.9,1.2,0.4,2.2,3.0,12.9,,lowryky01
159,Nicolas Batum,34,LAC,PF,78,19,1709,3.4,8.0,.420,2.6,6.7,.391,0.8,1.3,.563,.583,0.7,1.0,.708,1.3,5.0,6.3,2.5,1.1,0.9,1.1,3.1,10.1,,batumni01
160,Walker Kessler,21,UTA,C,74,40,1703,6.3,8.8,.720,0.0,0.1,.333,6.3,8.7,.723,.721,1.7,3.4,.516,4.9,8.2,13.1,1.5,0.5,3.7,1.2,3.6,14.4,ROY-3,kesslwa01
161,Monte Morris,27,WAS,PG,62,61,1695,5.2,10.9,.480,1.7,4.3,.382,3.6,6.6,.543,.555,1.4,1.6,.831,0.6,3.9,4.5,6.9,0.9,0.3,1.3,1.6,13.5,,morrimo01
162,Wendell Carter Jr.,23,ORL,C,57,54,1690,6.9,13.1,.525,1.7,4.8,.356,5.2,8.3,.624,.591,3.1,4.2,.738,2.6,8.0,10.6,2.8,0.6,0.7,2.3,3.4,18.5,,cartewe01
163,Santi Aldama,22,MEM,PF,77,20,1682,5.3,11.2,.470,2.0,5.7,.353,3.3,5.5,.591,.560,2.3,3.1,.750,1.8,6.1,7.9,2.1,1.0,1.0,1.3,3.1,14.9,,aldamsa01
164,Bradley Beal,29,WAS,SG,50,50,1673,9.6,18.9,.506,1.7,4.7,.365,7.8,14.2,.552,.551,4.1,4.9,.842,0.9,3.3,4.2,5.8,1.0,0.7,3.1,2.3,25.0,,bealbr01
165,Kevin Durant,34,2TM,PF,47,47,1672,10.4,18.6,.560,2.0,5.0,.404,8.4,13.6,.617,.614,6.6,7.2,.919,0.4,6.4,6.7,5.1,0.7,1.4,3.4,2.1,29.4,AS,duranke01
165,Kevin Durant,34,BRK,PF,39,39,1403,10.5,18.8,.559,1.8,4.8,.376,8.7,14.0,.622,.607,6.9,7.3,.934,0.4,6.4,6.7,5.3,0.8,1.5,3.5,2.4,29.7,,duranke01
165,Kevin Durant,34,PHO,PF,8,8,269,9.8,17.1,.570,2.9,5.5,.537,6.8,11.6,.586,.656,5.4,6.4,.833,0.4,6.4,6.8,3.7,0.3,1.3,2.7,0.9,27.8,,duranke01
166,Jalen Duren,19,DET,C,67,31,1670,5.6,8.6,.648,0.0,0.0,.000,5.6,8.5,.652,.648,2.1,3.4,.611,4.9,7.9,12.8,1.6,0.9,1.3,2.0,3.9,13.2,,durenja01
167,Reggie Jackson,32,2TM,PG,68,40,1657,5.7,13.9,.411,2.1,6.3,.333,3.6,7.6,.474,.486,1.5,1.7,.910,0.5,2.6,3.1,5.1,1.0,0.1,2.5,2.5,15.1,,jacksre01
167,Reggie Jackson,32,LAC,PG,52,38,1338,5.8,13.8,.418,2.1,5.9,.350,3.7,7.9,.469,.493,1.6,1.8,.924,0.6,2.5,3.1,4.9,1.0,0.1,2.6,2.5,15.2,,jacksre01
167,Reggie Jackson,32,DEN,PG,16,2,319,5.5,14.4,.383,2.1,7.7,.279,3.4,6.8,.500,.457,1.1,1.4,.833,0.3,2.8,3.2,5.6,1.0,0.1,2.1,2.5,14.3,,jacksre01
168,Isaac Okoro,22,CLE,SF,76,46,1652,3.8,7.7,.494,1.4,3.7,.363,2.5,4.0,.617,.582,1.7,2.2,.757,1.1,2.9,4.1,1.9,1.2,0.7,0.9,3.4,10.7,,okorois01
169,Isaiah Hartenstein,24,NYK,C,82,8,1626,3.9,7.2,.535,0.2,0.8,.216,3.7,6.4,.576,.547,1.1,1.6,.676,4.6,7.2,11.9,2.3,1.2,1.4,1.5,4.7,9.0,,harteis01
170,Daniel Gafford,24,WAS,C,78,47,1604,6.5,8.9,.732,0.0,0.0,,6.5,8.9,.732,.732,2.9,4.2,.679,3.7,6.1,9.7,1.9,0.7,2.2,1.9,4.2,15.8,,gaffoda01
171,Mitchell Robinson,24,NYK,C,59,58,1591,4.3,6.3,.671,0.0,0.0,,4.3,6.3,.671,.671,1.3,2.8,.484,6.0,6.5,12.6,1.2,1.3,2.5,0.9,3.6,9.8,,robinmi01
172,Drew Eubanks,25,POR,C,78,28,1584,4.9,7.6,.641,0.2,0.4,.389,4.7,7.2,.655,.651,1.9,2.8,.664,3.0,6.5,9.5,2.3,0.9,2.3,1.5,3.8,11.8,,eubandr01
173,Gordon Hayward,32,CHO,SF,50,50,1577,6.3,13.3,.475,1.2,3.7,.325,5.1,9.6,.532,.520,2.9,3.6,.811,0.8,4.2,4.9,4.7,1.0,0.3,2.3,1.6,16.7,,haywago01
174,Alex Caruso,28,CHI,PG,67,36,1575,3.0,6.5,.455,1.3,3.5,.364,1.7,3.1,.556,.551,1.3,1.7,.808,1.0,3.5,4.5,4.4,2.2,1.1,1.8,3.6,8.5,DPOY-11DEF1,carusal01
175,Shake Milton,26,PHI,SG,76,11,1567,5.5,11.6,.479,1.3,3.4,.378,4.3,8.2,.521,.535,2.3,2.7,.853,0.9,3.5,4.4,5.5,0.6,0.3,2.2,2.8,14.6,,miltosh01
176,Norman Powell,29,LAC,SG,60,8,1567,7.8,16.3,.479,2.6,6.6,.397,5.2,9.7,.534,.559,5.2,6.4,.812,0.6,3.5,4.0,2.5,1.1,0.4,2.3,2.9,23.4,6MOY-4,powelno01
177,Cole Anthony,22,ORL,PG,60,4,1552,6.4,14.1,.454,1.7,4.8,.364,4.7,9.4,.500,.516,3.5,3.9,.894,1.1,5.6,6.7,5.5,0.9,0.7,2.1,3.7,18.1,,anthoco01
178,Malaki Branham,19,SAS,SG,66,32,1550,6.2,14.2,.440,1.8,5.9,.302,4.5,8.3,.539,.503,1.3,1.6,.829,0.7,3.6,4.2,2.9,0.8,0.2,1.8,2.7,15.6,,branhma01
179,Cedi Osman,27,CLE,SF,77,2,1548,5.6,12.3,.451,2.7,7.3,.372,2.9,5.1,.564,.560,1.7,2.5,.694,0.6,3.5,4.1,2.7,0.8,0.3,1.2,2.8,15.6,,osmande01
180,Kelly Oubre Jr.,27,CHO,SF,48,40,1548,8.2,19.0,.431,2.5,7.9,.319,5.7,11.2,.510,.497,3.7,4.8,.760,1.5,4.3,5.8,1.3,1.6,0.4,1.5,3.3,22.6,,oubreke01
181,Josh Green,22,DAL,SG,60,21,1539,4.8,8.9,.537,1.6,4.0,.402,3.2,5.0,.643,.626,1.6,2.2,.723,1.3,3.0,4.3,2.4,1.0,0.1,1.7,3.6,12.8,,greenjo02
182,Brandon Ingram,25,NOP,SF,45,45,1538,9.5,19.5,.484,1.5,3.8,.390,8.0,15.7,.507,.522,5.6,6.4,.882,0.5,5.2,5.8,6.1,0.7,0.4,3.5,2.7,26.0,,ingrabr01
183,Josh Richardson,29,2TM,SG,65,10,1530,5.6,13.0,.431,2.5,6.9,.365,3.1,6.1,.506,.528,1.6,1.9,.852,1.0,3.2,4.1,4.1,1.6,0.5,2.0,2.8,15.4,,richajo01
183,Josh Richardson,29,SAS,SG,42,6,997,6.4,14.7,.436,2.7,7.5,.357,3.7,7.2,.518,.527,1.9,2.2,.883,1.1,3.2,4.3,4.9,1.4,0.4,2.3,2.5,17.4,,richajo01
183,Josh Richardson,29,NOP,SG,23,4,533,4.2,10.0,.419,2.2,5.8,.384,2.0,4.2,.468,.530,1.1,1.4,.762,0.7,3.0,3.8,2.5,2.0,0.6,1.6,3.2,11.7,,richajo01
184,Joe Harris,31,BRK,SF,74,33,1527,4.7,10.4,.457,3.3,7.9,.426,1.4,2.5,.551,.618,0.4,0.7,.643,0.5,3.3,3.9,2.4,0.8,0.3,1.0,3.3,13.2,,harrijo01
185,T.J. McConnell,30,IND,PG,75,6,1526,6.7,12.3,.543,0.6,1.4,.441,6.1,10.9,.556,.568,1.4,1.6,.853,1.1,4.5,5.5,9.4,1.9,0.2,3.4,2.5,15.3,,mccontj01
186,Chris Boucher,30,TOR,PF,76,0,1523,6.2,12.5,.493,1.5,4.5,.328,4.7,8.0,.585,.552,3.0,4.0,.762,3.7,6.2,10.0,0.7,1.1,1.5,1.0,3.4,16.8,,bouchch01
187,Georges Niang,29,PHI,PF,78,1,1512,5.3,12.0,.442,3.7,9.1,.401,1.6,2.8,.576,.596,0.9,1.1,.867,0.5,4.0,4.4,1.8,0.7,0.3,1.3,3.5,15.2,,niangge01
188,Bogdan Bogdanović,30,ATL,SG,54,9,1508,6.5,14.6,.447,3.5,8.6,.406,3.0,6.0,.506,.566,1.5,1.8,.831,0.5,3.4,3.9,3.6,1.0,0.4,1.6,2.1,18.0,,bogdabo01
189,Damion Lee,30,PHO,SG,74,5,1506,4.8,10.8,.442,2.6,5.9,.445,2.2,4.9,.439,.564,2.2,2.5,.904,0.9,4.4,5.4,2.4,0.7,0.2,1.9,2.8,14.4,,leeda03
190,Bol Bol,23,ORL,PF,70,33,1505,6.2,11.4,.546,0.7,2.7,.265,5.5,8.7,.633,.577,2.0,2.6,.759,1.7,8.0,9.7,1.7,0.7,2.0,2.7,2.2,15.2,,bolbo01
191,John Konchar,26,MEM,SF,72,23,1494,3.3,7.7,.431,1.4,4.3,.339,1.9,3.4,.545,.525,0.7,0.9,.778,1.5,5.9,7.5,2.4,1.9,0.6,0.9,2.7,8.8,,konchjo01
192,Rui Hachimura,24,2TM,PF,63,9,1466,7.0,14.3,.486,1.3,3.9,.319,5.7,10.4,.550,.530,2.2,2.9,.739,1.3,5.6,6.9,1.4,0.5,0.6,1.3,1.8,17.4,,hachiru01
192,Rui Hachimura,24,WAS,PF,30,0,728,7.8,16.0,.488,1.5,4.4,.337,6.3,11.6,.545,.534,2.2,2.9,.759,0.9,5.4,6.3,1.7,0.5,0.6,1.8,1.9,19.3,,hachiru01
192,Rui Hachimura,24,LAL,PF,33,9,738,6.1,12.7,.485,1.0,3.5,.296,5.1,9.2,.556,.525,2.1,3.0,.721,1.7,5.9,7.6,1.1,0.4,0.7,0.8,1.6,15.5,,hachiru01
193,Dwight Powell,31,DAL,C,76,64,1458,4.9,6.6,.732,0.0,0.1,.000,4.9,6.5,.746,.732,2.8,4.1,.667,3.7,4.1,7.8,1.7,1.2,0.6,1.6,5.2,12.5,,poweldw01
194,Jeremy Sochan,19,SAS,PF,56,53,1458,6.2,13.6,.453,0.8,3.3,.246,5.4,10.3,.519,.483,2.0,2.9,.698,2.3,4.9,7.3,3.5,1.1,0.6,2.4,3.4,15.2,,sochaje01
195,Keita Bates-Diop,27,SAS,PF,67,42,1452,5.9,11.5,.508,1.4,3.5,.394,4.5,8.0,.557,.568,3.0,3.7,.793,1.6,4.5,6.1,2.6,1.1,0.5,1.4,1.6,16.0,,bateske01
196,Davion Mitchell,24,SAC,PG,80,9,1447,4.5,9.9,.454,1.6,4.9,.320,2.9,5.0,.584,.533,0.6,0.8,.806,0.4,2.2,2.6,4.6,1.1,0.4,1.5,2.8,11.2,,mitchda01
197,Pat Connaughton,30,MIL,SF,61,33,1443,4.1,10.5,.392,2.7,8.0,.339,1.4,2.5,.566,.521,0.7,1.0,.659,1.2,5.8,7.1,1.9,0.9,0.3,0.8,1.7,11.6,,connapa01
198,Zach Collins,25,SAS,C,63,26,1441,7.1,13.7,.518,1.4,3.7,.374,5.7,10.0,.571,.568,2.7,3.5,.761,2.9,7.1,10.0,4.5,0.9,1.2,3.2,5.0,18.3,,colliza01
199,Isaiah Stewart,21,DET,C,50,47,1414,5.0,11.2,.442,1.7,5.2,.327,3.3,6.0,.542,.518,2.8,3.8,.738,2.9,7.3,10.3,1.8,0.5,0.9,1.7,3.4,14.4,,stewais01
200,AJ Griffin,19,ATL,SF,72,12,1401,6.4,13.7,.465,2.6,6.7,.390,3.8,7.0,.536,.560,1.1,1.2,.894,1.0,3.0,3.9,1.9,1.1,0.3,1.1,2.2,16.4,,griffaj01
201,Isaiah Joe,23,OKC,SG,73,10,1395,5.8,13.1,.441,4.2,10.2,.409,1.6,2.9,.553,.599,2.1,2.6,.820,0.7,3.8,4.5,2.3,1.2,0.2,1.0,2.7,17.8,,joeis01
202,Jonathan Kuminga,20,GSW,PF,67,16,1394,6.7,12.8,.525,1.4,3.8,.370,5.3,9.1,.590,.579,2.3,3.6,.652,1.8,4.2,6.0,3.2,1.1,0.8,2.5,4.1,17.2,,kuminjo01
203,Jusuf Nurkić,28,POR,C,52,52,1391,6.8,13.1,.519,1.1,3.1,.361,5.7,10.0,.567,.561,3.3,5.0,.661,3.0,9.2,12.2,3.9,1.1,1.1,3.1,4.8,18.0,,nurkiju01
204,Dennis Smith Jr.,25,CHO,PG,54,15,1390,4.8,11.7,.412,0.6,2.9,.216,4.2,8.8,.475,.438,2.0,2.7,.736,0.7,3.6,4.3,6.8,1.9,0.6,2.1,3.2,12.3,,smithde03
205,Larry Nance Jr.,30,NOP,C,65,1,1381,4.8,8.0,.610,0.4,1.1,.333,4.5,6.9,.654,.633,1.4,2.1,.696,2.8,6.5,9.2,3.1,1.5,1.0,1.1,3.5,11.5,,nancela02
206,Josh Okogie,24,PHO,SG,72,26,1350,4.3,11.0,.391,1.8,5.3,.335,2.6,5.8,.442,.471,3.7,5.1,.724,2.9,3.8,6.7,2.8,1.5,0.9,1.7,3.0,14.1,,okogijo01
207,Devonte' Graham,27,2TM,PG,73,8,1338,4.3,11.6,.374,3.2,9.1,.352,1.1,2.5,.452,.512,2.6,3.5,.748,0.5,2.8,3.3,5.3,1.2,0.4,1.4,2.1,14.5,,grahade01
207,Devonte' Graham,27,NOP,PG,53,0,811,3.8,10.3,.368,2.9,8.4,.347,0.8,1.8,.463,.511,2.0,2.6,.746,0.5,2.7,3.2,5.1,1.3,0.4,1.2,2.1,12.4,,grahade01
207,Devonte' Graham,27,SAS,PG,20,8,527,5.2,13.7,.380,3.6,10.1,.358,1.6,3.6,.442,.513,3.7,4.9,.750,0.5,2.9,3.4,5.5,1.0,0.4,1.8,2.1,17.7,,grahade01
208,Terrence Ross,31,2TM,SG,63,9,1330,5.4,12.6,.430,2.6,7.0,.368,2.8,5.6,.507,.532,0.7,0.9,.794,0.6,3.6,4.2,2.6,0.9,0.3,1.2,2.6,14.1,,rosste01
208,Terrence Ross,31,ORL,SG,42,9,944,4.9,11.4,.431,2.3,6.1,.381,2.6,5.3,.489,.533,0.6,0.8,.750,0.4,2.9,3.2,2.1,1.0,0.3,1.4,2.0,12.7,,rosste01
208,Terrence Ross,31,PHO,SG,21,0,386,6.6,15.5,.428,3.2,9.1,.347,3.5,6.3,.544,.530,1.1,1.3,.857,1.1,5.3,6.4,3.8,0.9,0.2,0.6,4.1,17.5,,rosste01
209,Luke Kennard,26,2TM,SG,59,14,1315,5.1,10.5,.492,3.6,7.4,.494,1.5,3.1,.487,.666,1.0,1.1,.949,0.4,3.9,4.3,2.5,0.9,0.1,1.3,2.2,14.9,,kennalu01
209,Luke Kennard,26,LAC,SG,35,11,725,4.9,10.5,.464,2.9,6.6,.447,1.9,3.9,.494,.604,0.9,1.0,.950,0.3,3.8,4.1,1.8,0.9,0.2,1.5,2.3,13.6,,kennalu01
209,Luke Kennard,26,MEM,SG,24,3,590,5.5,10.4,.526,4.5,8.4,.540,1.0,2.1,.471,.743,1.1,1.2,.947,0.5,4.0,4.6,3.3,0.8,0.1,1.0,2.1,16.6,,kennalu01
210,Doug McDermott,31,SAS,SF,64,0,1314,6.5,14.3,.457,3.4,8.2,.413,3.2,6.2,.516,.575,1.5,1.9,.757,0.6,3.2,3.8,2.5,0.4,0.2,1.6,3.2,17.9,,mcderdo01
211,Talen Horton-Tucker,22,UTA,SG,65,20,1313,7.0,16.8,.419,1.6,5.6,.286,5.5,11.2,.485,.467,3.5,4.6,.750,1.1,4.6,5.8,6.7,1.1,0.8,3.5,3.0,19.1,,hortota01
212,Jose Alvarado,24,NOP,PG,61,10,1310,5.5,13.4,.411,2.3,6.8,.336,3.2,6.7,.488,.496,1.8,2.2,.813,0.8,3.1,3.9,5.1,1.8,0.3,2.2,3.4,15.1,,alvarjo01
213,Aaron Wiggins,24,OKC,SG,70,14,1297,5.2,10.1,.512,1.3,3.4,.393,3.8,6.7,.573,.579,1.6,2.0,.831,1.9,3.9,5.8,2.2,1.1,0.4,1.5,3.1,13.3,,wiggiaa01
214,Lonnie Walker IV,24,LAL,SG,56,32,1297,6.6,14.6,.448,2.5,6.9,.365,4.0,7.7,.522,.534,2.5,2.9,.858,0.4,2.6,3.0,1.8,0.8,0.5,1.3,2.0,18.2,,walkelo01
215,Sam Hauser,25,BOS,SF,80,8,1290,5.0,11.1,.455,3.9,9.3,.418,1.1,1.7,.656,.631,0.3,0.5,.706,1.0,4.7,5.7,2.0,0.8,0.6,0.8,2.8,14.3,,hausesa01
216,Jalen Smith,22,IND,C,68,31,1279,6.8,14.3,.476,1.5,5.4,.283,5.3,8.9,.593,.530,2.9,3.9,.759,3.6,7.5,11.1,1.9,0.6,1.7,2.0,4.3,18.1,,smithja04
217,LaMelo Ball,21,CHO,PG,36,36,1268,8.4,20.5,.411,4.1,10.9,.376,4.3,9.6,.450,.510,2.9,3.5,.836,1.2,5.4,6.6,8.6,1.3,0.3,3.7,3.4,23.8,,ballla01
218,David Roddy,21,MEM,PF,70,4,1258,5.2,12.0,.429,1.9,6.1,.307,3.3,6.0,.553,.506,1.2,1.9,.631,1.4,4.1,5.5,1.7,0.8,0.5,1.6,3.1,13.3,,roddyda01
219,Jaylen Nowell,23,MIN,SG,65,2,1252,8.1,18.0,.448,1.9,6.7,.289,6.1,11.3,.542,.502,2.2,2.8,.778,1.0,3.9,4.9,3.8,1.2,0.1,1.9,2.9,20.2,,nowelja01
220,Naz Reid,23,MIN,C,68,11,1251,8.9,16.6,.537,2.2,6.2,.346,6.8,10.4,.653,.602,2.5,3.7,.677,2.1,7.5,9.6,2.2,1.2,1.5,2.6,5.1,22.5,,reidna01
221,Trey Lyles,27,SAC,PF,74,0,1247,5.4,11.8,.458,2.5,6.9,.363,2.9,4.9,.595,.565,2.9,3.6,.815,2.0,6.7,8.7,1.9,0.8,0.9,1.8,2.8,16.2,,lylestr01
222,Jalen Suggs,21,ORL,SG,53,19,1246,5.4,12.8,.419,1.9,5.8,.327,3.5,7.0,.496,.493,2.5,3.4,.723,1.6,3.1,4.7,4.5,1.9,0.8,2.7,3.5,15.1,,suggsja01
223,Kevin Love,34,2TM,PF,62,20,1240,4.8,12.3,.389,2.9,8.6,.334,1.9,3.7,.516,.506,2.3,2.6,.879,1.7,9.9,11.6,3.4,0.5,0.3,2.0,2.8,14.8,,loveke01
223,Kevin Love,34,CLE,PF,41,3,821,4.9,12.5,.389,3.0,8.6,.354,1.8,3.9,.467,.511,2.5,2.8,.889,1.8,10.4,12.3,3.3,0.3,0.3,2.1,2.9,15.2,,loveke01
223,Kevin Love,34,MIA,PF,21,17,419,4.6,11.9,.388,2.6,8.7,.297,2.1,3.3,.632,.496,2.1,2.4,.857,1.5,8.8,10.2,3.4,0.8,0.4,2.0,2.7,13.9,,loveke01
224,Cory Joseph,31,DET,PG,62,2,1227,4.4,10.3,.427,2.1,5.3,.389,2.3,5.0,.468,.527,1.7,2.1,.792,0.6,2.5,3.1,6.4,1.0,0.3,1.6,2.6,12.5,,josepco01
225,Delon Wright,30,WAS,PG,50,14,1221,4.1,8.6,.474,1.2,3.5,.345,2.9,5.1,.564,.545,1.5,1.8,.867,1.7,3.6,5.3,5.7,2.7,0.5,1.3,1.7,10.9,,wrighde01
226,Nick Richards,25,CHO,C,65,9,1217,5.8,9.3,.629,0.0,0.0,1.000,5.8,9.2,.628,.631,4.1,5.4,.749,4.3,8.0,12.3,1.1,0.3,2.1,1.7,4.6,15.7,,richani01
227,Seth Curry,32,BRK,SG,61,7,1211,6.2,13.3,.463,2.8,6.9,.405,3.4,6.5,.525,.568,1.5,1.6,.927,0.4,2.6,3.0,2.9,1.1,0.2,1.5,2.9,16.7,,curryse01
228,Ochai Agbaji,22,UTA,SG,59,22,1209,4.9,11.5,.427,2.4,6.8,.355,2.5,4.7,.532,.532,1.7,2.1,.812,1.3,2.3,3.6,2.0,0.5,0.4,1.2,2.9,13.9,,agbajoc01
229,Kenrich Williams,28,OKC,PF,53,10,1206,5.3,10.3,.517,1.5,4.0,.373,3.9,6.3,.608,.590,0.5,1.2,.436,2.9,4.9,7.8,3.1,1.3,0.4,1.0,3.3,12.7,,willike04
230,Matisse Thybulle,25,2TM,SG,71,28,1200,3.3,7.6,.435,1.6,4.4,.365,1.7,3.2,.533,.542,0.6,0.8,.679,1.2,3.0,4.2,1.6,2.5,1.0,0.7,3.4,8.8,,thybuma01
230,Matisse Thybulle,25,PHI,SF,49,6,591,3.0,7.1,.431,1.3,3.8,.333,1.8,3.2,.547,.522,0.5,0.7,.750,1.2,2.6,3.8,1.4,2.7,0.9,0.5,4.0,7.9,,thybuma01
230,Matisse Thybulle,25,POR,SG,22,22,609,3.5,8.1,.438,2.0,5.0,.388,1.6,3.1,.519,.558,0.6,0.9,.625,1.2,3.4,4.6,1.8,2.2,1.1,0.9,2.8,9.6,,thybuma01
231,Isaiah Livers,24,DET,PF,52,22,1199,3.6,8.6,.417,2.2,6.1,.365,1.4,2.6,.541,.545,1.0,1.2,.821,0.8,3.5,4.3,1.2,0.8,0.8,0.9,3.1,10.4,,liveris01
232,Cameron Johnson,26,2TM,PF,42,41,1199,6.7,14.2,.470,3.1,7.7,.404,3.6,6.6,.548,.579,3.0,3.6,.842,1.0,4.5,5.6,2.3,1.5,0.4,1.1,2.5,19.5,,johnsca02
232,Cameron Johnson,26,PHO,PF,17,16,429,6.9,14.5,.474,3.8,8.3,.455,3.1,6.2,.500,.604,2.3,2.8,.818,1.2,4.3,5.5,2.2,1.3,0.5,0.8,2.4,19.8,,johnsca02
232,Cameron Johnson,26,BRK,PF,25,25,770,6.6,14.1,.468,2.7,7.3,.372,3.9,6.8,.572,.565,3.5,4.1,.851,0.9,4.7,5.6,2.4,1.6,0.4,1.3,2.5,19.4,,johnsca02
233,Anthony Lamb,25,GSW,SF,62,4,1195,4.5,9.5,.471,2.2,6.0,.367,2.3,3.5,.652,.588,1.4,1.8,.767,1.7,4.8,6.5,2.9,0.8,0.6,1.6,4.0,12.5,,lamban01
234,Taurean Prince,28,MIN,PF,54,4,1192,5.3,11.4,.467,2.2,5.9,.381,3.1,5.6,.557,.565,2.0,2.3,.844,0.5,3.5,4.0,2.5,0.8,0.5,2.1,3.7,14.9,,princta02
235,Andrew Wiggins,27,GSW,SF,37,37,1190,7.6,16.0,.473,2.7,6.8,.396,4.9,9.2,.530,.557,1.3,2.2,.611,1.8,3.8,5.6,2.6,1.4,0.8,1.5,3.2,19.1,,wiggian01
236,Jordan Nwora,24,2TM,SF,62,14,1188,5.9,13.5,.436,2.6,6.4,.408,3.3,7.1,.462,.533,2.1,2.6,.791,1.5,5.4,6.9,2.7,0.7,0.4,2.0,2.2,16.4,,nworajo01
236,Jordan Nwora,24,MIL,SF,38,3,597,4.6,11.9,.386,2.4,6.2,.392,2.2,5.7,.379,.487,2.2,2.6,.860,1.7,5.3,7.1,2.3,0.7,0.4,2.1,2.1,13.8,,nworajo01
236,Jordan Nwora,24,IND,SF,24,11,591,7.2,15.1,.476,2.8,6.6,.422,4.4,8.5,.518,.569,1.9,2.6,.721,1.3,5.5,6.8,3.0,0.7,0.4,1.9,2.4,19.1,,nworajo01
237,Gary Harris,28,ORL,SG,48,42,1184,4.2,9.3,.450,2.9,6.6,.431,1.3,2.7,.494,.603,0.8,0.9,.900,0.6,2.3,3.0,1.8,1.4,0.4,0.9,2.8,12.1,,harriga01
238,Tre Mann,21,OKC,PG,67,5,1183,6.0,15.2,.393,2.5,7.8,.315,3.5,7.4,.475,.474,1.3,1.7,.764,0.8,3.9,4.7,3.7,1.2,0.3,1.9,3.0,15.7,,manntr01
239,Trendon Watford,22,POR,PF,62,12,1182,5.5,9.8,.560,0.8,1.9,.391,4.8,7.9,.602,.599,2.2,3.0,.720,1.3,6.0,7.2,4.0,1.0,0.4,2.2,3.6,14.0,,watfotr01
240,Christian Braun,21,DEN,SG,76,6,1181,4.4,8.8,.495,1.0,2.9,.354,3.3,5.9,.565,.554,1.2,2.0,.625,1.5,4.1,5.5,1.8,1.2,0.5,1.1,3.1,11.0,,braunch01
241,Xavier Tillman Sr.,24,MEM,C,61,29,1180,5.7,9.3,.614,0.1,0.5,.267,5.6,8.9,.632,.621,1.5,2.7,.551,3.7,5.7,9.4,2.9,1.8,0.9,1.3,3.0,13.1,,tillmxa01
242,Devin Vassell,22,SAS,SG,38,32,1178,8.0,18.2,.439,3.1,8.1,.387,4.8,10.1,.480,.525,2.4,3.1,.780,0.2,4.3,4.5,4.2,1.3,0.5,1.7,1.7,21.5,,vassede01
243,Collin Sexton,24,UTA,PG,48,15,1145,7.5,14.7,.506,1.5,3.8,.393,5.9,10.9,.546,.558,5.1,6.3,.819,1.2,2.1,3.3,4.3,0.8,0.2,2.7,3.5,21.5,,sextoco01
244,Precious Achiuwa,23,TOR,C,55,12,1140,6.2,12.8,.485,0.9,3.4,.269,5.3,9.3,.564,.521,2.7,3.9,.702,3.2,7.2,10.4,1.6,1.0,0.9,1.9,3.2,16.0,,achiupr01
245,Steven Adams,29,MEM,C,42,42,1133,5.0,8.4,.597,0.0,0.0,.000,5.0,8.3,.599,.597,1.5,4.1,.364,6.8,8.6,15.4,3.1,1.1,1.5,2.5,3.1,11.5,,adamsst01
246,Alec Burks,31,DET,SG,51,8,1122,6.4,14.7,.436,3.2,7.7,.414,3.2,7.1,.459,.544,4.9,6.0,.814,0.6,4.5,5.1,3.7,1.2,0.3,1.9,3.1,20.9,,burksal01
247,Lamar Stevens,25,CLE,SF,62,25,1120,4.1,9.3,.448,1.0,3.1,.316,3.2,6.2,.513,.500,1.3,1.8,.702,1.5,5.1,6.7,1.1,0.9,0.6,0.9,2.5,10.5,,stevela01
248,Moritz Wagner,25,ORL,C,57,18,1109,6.4,12.9,.500,1.7,5.3,.313,4.8,7.6,.631,.564,5.0,5.9,.841,2.2,6.2,8.4,2.7,1.2,0.4,2.2,4.4,19.5,,wagnemo01
249,Jordan Goodwin,24,WAS,PG,62,7,1106,5.1,11.5,.448,1.2,3.8,.322,3.9,7.6,.511,.501,1.7,2.2,.768,1.9,4.8,6.7,5.5,1.9,0.8,1.9,3.1,13.2,,goodwjo01
250,Victor Oladipo,30,MIA,SG,42,2,1106,5.2,13.1,.397,2.3,6.9,.330,2.9,6.2,.471,.484,1.9,2.6,.747,0.5,3.6,4.2,4.8,1.9,0.4,2.8,3.2,14.6,,oladivi01
251,Ben Simmons,26,BRK,PG,42,33,1105,4.3,7.7,.566,0.0,0.1,.000,4.3,7.6,.571,.566,0.8,1.9,.439,1.3,7.3,8.6,8.3,1.8,0.8,3.2,4.5,9.5,,simmobe01
252,Jeff Green,36,DEN,PF,56,4,1091,5.3,10.8,.488,1.0,3.4,.288,4.3,7.4,.580,.534,2.9,3.9,.744,1.3,3.5,4.8,2.3,0.6,0.6,1.5,3.3,14.4,,greenje02
253,Brandon Clarke,26,MEM,PF,56,8,1090,7.6,11.5,.656,0.0,0.2,.167,7.5,11.3,.665,.658,3.3,4.5,.723,3.0,7.2,10.2,2.4,1.1,1.2,1.8,4.3,18.4,,clarkbr01
254,Bones Hyland,22,2TM,PG,56,1,1085,7.6,18.9,.399,3.9,10.5,.371,3.7,8.5,.434,.502,2.9,3.4,.843,0.7,3.8,4.5,5.7,1.3,0.5,2.7,3.2,21.9,,hylanbo01
254,Bones Hyland,22,DEN,PG,42,1,820,7.6,19.1,.399,4.0,10.6,.378,3.6,8.5,.425,.503,3.1,3.6,.866,0.4,3.3,3.8,5.5,1.2,0.6,2.9,2.9,22.3,,hylanbo01
254,Bones Hyland,22,LAC,PG,14,0,265,7.5,18.6,.401,3.5,10.1,.351,3.9,8.6,.460,.496,2.0,2.7,.750,1.4,5.3,6.7,6.4,1.5,0.3,2.0,4.1,20.5,,hylanbo01
255,Oshae Brissett,24,IND,PF,65,2,1083,4.1,10.6,.386,1.6,5.2,.310,2.5,5.5,.457,.461,3.5,4.8,.717,2.1,5.2,7.2,1.5,1.1,0.4,1.1,2.6,13.2,,brissos01
256,Thomas Bryant,25,2TM,C,59,26,1081,7.7,12.3,.623,0.9,2.0,.441,6.8,10.3,.658,.659,3.1,4.2,.738,2.9,8.4,11.3,1.0,0.5,1.0,1.3,3.4,19.3,,bryanth01
256,Thomas Bryant,25,LAL,C,41,25,876,8.1,12.4,.654,0.9,2.1,.440,7.2,10.3,.697,.691,3.3,4.4,.741,2.8,8.7,11.5,1.2,0.6,0.9,1.2,3.2,20.4,,bryanth01
256,Thomas Bryant,25,DEN,C,18,1,205,5.8,11.9,.485,0.7,1.6,.444,5.1,10.4,.492,.515,2.3,3.2,.722,3.3,7.2,10.5,0.4,0.4,1.2,1.8,4.4,14.6,,bryanth01
257,Obi Toppin,24,NYK,PF,67,5,1050,6.4,14.4,.446,2.9,8.5,.344,3.5,5.9,.593,.548,1.3,1.6,.809,1.0,5.4,6.4,2.3,0.8,0.4,1.3,2.3,17.0,,toppiob01
258,Joe Ingles,35,MIL,SF,46,0,1044,3.7,8.6,.435,2.9,7.0,.409,0.9,1.6,.556,.603,0.6,0.7,.857,0.4,4.0,4.4,5.2,1.1,0.2,1.9,2.6,10.9,,inglejo01
259,Jalen Johnson,21,ATL,SF,70,6,1042,5.5,11.1,.491,1.0,3.6,.288,4.4,7.5,.587,.537,1.7,2.7,.628,1.8,8.0,9.7,2.9,1.3,1.2,1.4,3.9,13.6,,johnsja05
260,Isaiah Jackson,21,IND,C,63,12,1042,6.2,11.0,.563,0.1,0.5,.143,6.1,10.5,.582,.566,3.3,5.0,.651,3.9,5.8,9.7,1.8,1.1,3.2,1.8,5.3,15.7,,jacksis01
261,Dyson Daniels,19,NOP,PG,59,11,1042,3.0,7.2,.418,0.9,3.0,.314,2.1,4.2,.492,.483,0.9,1.4,.650,1.2,5.3,6.5,4.6,1.5,0.4,2.0,3.4,7.8,,daniedy01
262,Wenyen Gabriel,25,LAL,C,68,2,1024,5.4,9.1,.596,0.4,1.3,.278,5.1,7.9,.647,.615,1.8,3.0,.619,4.1,6.0,10.1,1.3,0.9,1.2,1.6,5.1,13.1,,gabriwe01
263,Austin Rivers,30,MIN,SG,52,10,1016,3.2,7.4,.435,1.5,4.4,.350,1.7,3.0,.558,.538,1.1,1.4,.769,0.2,2.8,2.9,2.7,1.0,0.1,0.8,2.8,9.0,,riverau01
264,Hamidou Diallo,24,DET,SF,56,0,996,7.8,13.6,.573,0.2,0.8,.238,7.6,12.8,.593,.580,3.1,5.3,.588,2.1,5.0,7.0,2.0,1.9,0.6,2.6,4.5,18.9,,diallha01
265,Will Barton,32,2TM,SG,56,2,993,5.0,13.2,.379,2.4,6.5,.367,2.6,6.7,.391,.470,1.3,1.7,.787,0.5,4.4,5.0,4.1,1.0,0.5,1.7,2.0,13.7,,bartowi01
265,Will Barton,32,WAS,SG,40,0,782,5.1,13.1,.386,2.4,6.4,.377,2.7,6.8,.395,.477,1.6,2.1,.778,0.5,4.6,5.1,4.4,0.8,0.5,2.1,1.8,14.1,,bartowi01
265,Will Barton,32,TOR,SG,16,2,211,4.8,13.5,.354,2.4,7.2,.333,2.4,6.3,.378,.443,0.3,0.3,1.000,0.9,3.6,4.4,2.9,1.9,0.5,0.5,2.9,12.3,,bartowi01
266,Marvin Bagley III,23,DET,C,42,25,990,7.3,13.9,.529,0.7,2.4,.288,6.7,11.5,.579,.554,2.9,3.9,.750,3.4,6.4,9.8,1.3,0.7,1.1,1.7,2.9,18.3,,baglema01
267,Cam Reddish,23,2TM,SF,40,20,990,5.1,11.3,.446,1.6,5.2,.313,3.4,6.1,.560,.518,2.3,2.7,.853,0.7,2.5,3.2,2.1,1.4,0.5,1.7,2.6,14.1,,reddica01
267,Cam Reddish,23,NYK,SF,20,8,438,5.0,11.2,.449,1.4,4.6,.304,3.6,6.6,.550,.511,2.4,2.7,.879,0.6,2.0,2.5,1.6,1.2,0.7,1.2,2.6,13.8,,reddica01
267,Cam Reddish,23,POR,SF,20,12,552,5.1,11.5,.443,1.8,5.7,.318,3.3,5.7,.568,.523,2.3,2.7,.833,0.7,3.0,3.7,2.4,1.6,0.4,2.1,2.6,14.3,,reddica01
268,Jock Landale,27,PHO,C,69,4,979,6.5,12.4,.528,0.8,3.1,.250,5.8,9.3,.621,.559,2.9,3.9,.752,4.4,5.9,10.3,2.5,0.6,1.1,2.2,4.6,16.8,,landajo01
269,Nassir Little,22,POR,SF,54,4,976,4.9,11.2,.442,2.1,5.8,.367,2.8,5.3,.524,.538,1.2,1.7,.717,1.0,4.2,5.2,1.8,0.7,0.7,1.3,2.4,13.2,,littlna01
270,Usman Garuba,20,HOU,C,75,1,970,3.2,6.6,.486,0.9,2.2,.407,2.3,4.4,.525,.554,1.1,1.7,.617,4.5,6.9,11.4,2.4,1.6,1.1,1.7,5.0,8.4,,garubus01
271,JT Thor,20,CHO,PF,69,8,969,3.5,8.8,.399,1.4,4.6,.317,2.1,4.3,.487,.481,1.2,1.7,.702,1.3,4.3,5.6,1.3,0.8,0.9,1.6,2.5,9.7,,thorjt01
272,Haywood Highsmith,26,MIA,PF,54,11,969,3.5,8.0,.431,1.4,4.0,.339,2.1,4.0,.523,.516,0.5,1.0,.464,2.1,4.9,7.0,1.6,1.3,0.6,1.7,3.0,8.8,,highsha01
273,Cameron Payne,28,PHO,PG,48,15,968,7.0,16.8,.415,2.5,6.9,.368,4.5,10.0,.448,.490,1.8,2.4,.766,0.4,3.5,3.9,8.0,1.2,0.3,3.0,3.3,18.3,,payneca01
274,Kendrick Nunn,27,2TM,SG,70,2,964,7.1,16.8,.424,3.0,8.3,.354,4.2,8.5,.493,.512,1.3,1.5,.854,0.6,3.5,4.1,3.4,1.0,0.3,2.5,2.5,18.5,,nunnke01
274,Kendrick Nunn,27,LAL,SG,39,2,528,7.0,17.1,.406,2.8,8.6,.325,4.2,8.5,.488,.488,1.2,1.4,.810,0.3,3.4,3.7,2.3,0.7,0.2,2.1,2.4,17.9,,nunnke01
274,Kendrick Nunn,27,WAS,SG,31,0,436,7.3,16.4,.447,3.1,8.0,.392,4.2,8.4,.500,.543,1.5,1.7,.900,0.8,3.6,4.5,4.6,1.4,0.3,2.9,2.6,19.3,,nunnke01
275,Karl-Anthony Towns,27,MIN,PF,29,29,957,8.0,16.1,.495,2.3,6.2,.366,5.7,9.9,.576,.565,4.4,5.1,.874,1.8,7.1,8.9,5.3,0.8,0.6,3.2,4.2,22.6,,townska01
276,Zion Williamson,22,NOP,PF,29,29,956,10.7,17.7,.608,0.3,0.7,.368,10.5,16.9,.618,.615,6.7,9.3,.714,2.2,5.4,7.6,5.0,1.2,0.6,3.7,2.4,28.4,AS,willizi01
277,Kevin Knox,23,2TM,SF,63,5,952,5.7,12.6,.458,2.5,7.0,.349,3.3,5.5,.596,.556,1.7,2.3,.767,1.3,5.4,6.7,1.2,0.9,0.5,1.9,3.6,15.7,,knoxke01
277,Kevin Knox,23,DET,SF,42,1,593,5.1,10.9,.469,2.6,7.0,.371,2.5,3.8,.651,.589,1.6,2.0,.788,1.2,5.3,6.6,0.9,0.8,0.7,1.9,4.5,14.4,,knoxke01
277,Kevin Knox,23,POR,PF,21,4,359,6.8,15.3,.444,2.2,7.0,.314,4.6,8.3,.554,.516,2.0,2.7,.741,1.4,5.5,6.9,1.8,1.0,0.0,1.8,2.1,17.8,,knoxke01
278,Cam Thomas,21,BRK,SG,57,4,948,7.6,17.3,.441,1.9,5.1,.383,5.7,12.3,.464,.497,5.7,6.6,.868,0.3,3.3,3.6,3.0,0.8,0.3,2.4,2.1,22.9,,thomaca02
279,Mike Muscala,31,2TM,C,63,9,945,5.0,11.1,.449,3.1,7.9,.391,1.9,3.2,.588,.587,1.5,2.0,.769,1.4,6.3,7.7,1.9,0.6,0.9,0.9,3.7,14.6,,muscami01
279,Mike Muscala,31,OKC,C,43,5,622,5.2,11.7,.438,3.2,8.2,.394,1.9,3.5,.541,.576,1.8,2.3,.795,1.3,6.5,7.8,2.2,0.6,1.1,0.8,4.1,15.3,,muscami01
279,Mike Muscala,31,BOS,C,20,4,323,4.7,9.9,.472,2.8,7.2,.385,1.9,2.7,.708,.612,1.0,1.4,.692,1.6,6.0,7.6,1.3,0.4,0.6,1.0,3.1,13.2,,muscami01
280,Maxi Kleber,31,DAL,PF,37,5,930,3.0,6.5,.456,1.5,4.3,.348,1.5,2.2,.667,.571,1.0,1.5,.711,1.2,4.1,5.2,2.0,0.5,1.2,1.0,3.3,8.5,,klebima01
281,Yuta Watanabe,28,BRK,SF,58,1,928,4.4,9.0,.491,2.3,5.2,.444,2.1,3.8,.557,.621,1.3,1.8,.723,1.2,4.3,5.5,1.9,1.0,0.7,0.9,3.1,12.5,,watanyu01
282,Ish Wainright,28,PHO,SF,60,2,915,3.3,8.9,.370,2.2,6.8,.329,1.1,2.1,.500,.496,1.0,1.2,.839,1.8,3.7,5.5,2.1,1.5,0.9,0.9,4.6,9.9,,wainris01
283,Daishen Nix,20,HOU,PG,57,7,914,3.2,9.3,.342,1.6,5.5,.286,1.6,3.8,.423,.426,0.9,1.4,.667,0.7,3.2,3.9,5.2,1.2,0.3,3.4,2.3,8.9,,nixda01
284,Jaylin Williams,20,OKC,C,49,36,914,4.0,9.2,.436,1.8,4.5,.407,2.2,4.8,.463,.534,1.5,2.1,.704,1.7,7.8,9.5,3.0,1.1,0.5,1.5,4.4,11.3,,willija07
285,Chris Duarte,25,IND,SF,46,12,897,4.9,13.4,.369,2.2,7.0,.316,2.7,6.4,.428,.452,2.4,2.9,.847,0.8,3.9,4.6,2.6,1.0,0.4,1.6,2.6,14.5,,duartch01
286,Derrick Jones Jr.,25,CHI,PF,64,0,893,4.6,9.3,.500,1.1,3.2,.338,3.5,6.0,.587,.559,2.5,3.4,.738,2.4,3.7,6.2,1.4,1.2,1.5,1.0,3.5,12.9,,jonesde02
287,Dean Wade,26,CLE,PF,44,13,891,2.9,7.2,.412,1.8,5.1,.354,1.1,2.0,.560,.540,0.6,0.9,.652,0.8,5.3,6.1,1.5,1.1,0.8,0.7,3.6,8.3,,wadede01
288,Vlatko Čančar,25,DEN,PF,60,9,889,4.4,9.2,.476,1.7,4.7,.374,2.6,4.5,.580,.570,1.5,1.7,.927,1.0,4.2,5.2,3.2,0.9,0.6,1.5,3.4,12.0,,cancavl01
289,Nickeil Alexander-Walker,24,2TM,SG,59,3,884,5.3,12.0,.444,2.5,6.5,.384,2.9,5.5,.515,.547,1.6,2.4,.667,0.6,3.5,4.1,4.4,1.3,0.9,2.2,3.6,14.8,,alexani01
289,Nickeil Alexander-Walker,24,UTA,SG,36,3,528,5.7,11.6,.488,2.4,5.9,.402,3.3,5.7,.578,.591,1.8,2.7,.692,0.5,3.5,4.0,5.2,1.6,1.0,3.1,4.0,15.5,,alexani01
289,Nickeil Alexander-Walker,24,MIN,SG,23,0,356,4.9,12.6,.384,2.6,7.3,.361,2.2,5.4,.415,.488,1.3,2.1,.619,0.7,3.5,4.2,3.2,0.8,0.7,1.0,3.0,13.7,,alexani01
290,Bismack Biyombo,30,PHO,C,61,14,874,4.9,8.5,.578,0.0,0.0,,4.9,8.5,.578,.578,1.0,2.9,.357,3.7,7.0,10.7,2.3,0.7,3.6,2.1,4.7,10.8,,biyombi01
291,Goran Dragić,36,2TM,PG,58,0,870,5.8,13.9,.421,2.2,6.0,.359,3.7,7.9,.468,.499,1.3,1.9,.689,0.7,2.7,3.4,6.2,0.5,0.2,2.6,2.7,15.1,,dragigo01
291,Goran Dragić,36,CHI,PG,51,0,787,5.8,13.7,.425,2.1,5.9,.352,3.8,7.8,.480,.500,1.2,1.9,.659,0.6,2.6,3.2,6.4,0.5,0.2,2.6,2.9,14.9,,dragigo01
291,Goran Dragić,36,MIL,PG,7,0,83,6.1,15.6,.389,3.0,7.4,.412,3.0,8.2,.368,.486,1.7,1.7,1.000,1.3,3.9,5.2,5.2,0.9,0.0,3.0,0.9,16.9,,dragigo01
292,James Wiseman,21,2TM,C,45,22,867,7.8,14.1,.558,0.2,0.8,.200,7.7,13.2,.580,.563,2.8,4.0,.701,3.0,8.1,11.1,1.2,0.3,1.1,2.1,4.5,18.7,,wisemja01
292,James Wiseman,21,GSW,C,21,0,262,8.1,12.9,.628,0.1,0.3,.500,8.0,12.6,.630,.633,3.6,5.2,.684,2.5,7.6,10.0,1.9,0.4,1.0,1.9,5.4,19.9,,wisemja01
292,James Wiseman,21,DET,C,24,22,605,7.7,14.6,.531,0.2,1.1,.167,7.6,13.5,.559,.537,2.5,3.5,.712,3.3,8.3,11.5,1.0,0.2,1.2,2.2,4.1,18.1,,wisemja01
293,Théo Maledon,21,CHO,PG,44,7,854,4.3,10.7,.402,1.2,4.0,.295,3.1,6.7,.465,.457,2.7,3.1,.851,0.6,4.6,5.2,6.4,1.6,0.5,2.5,2.6,12.4,,maledth01
294,Andre Drummond,29,CHI,C,67,0,849,7.0,11.6,.606,0.0,0.1,.000,7.0,11.5,.613,.606,2.8,5.3,.536,5.9,13.0,18.8,1.4,1.9,1.1,3.2,5.0,16.9,,drumman01
295,Aaron Holiday,26,ATL,PG,63,6,845,3.9,9.4,.418,1.5,3.7,.409,2.4,5.6,.424,.500,1.2,1.4,.844,1.1,2.1,3.2,3.8,1.6,0.5,1.5,3.4,10.5,,holidaa01
296,Romeo Langford,23,SAS,SG,43,21,844,5.2,11.0,.467,0.7,2.6,.262,4.5,8.4,.530,.498,1.7,2.4,.696,2.4,2.4,4.9,2.1,1.0,0.6,1.3,2.9,12.7,,langfro01
297,Terence Davis,25,SAC,SG,64,5,841,6.6,15.6,.423,3.8,10.4,.366,2.8,5.2,.537,.545,1.5,1.8,.791,0.9,5.1,6.0,2.9,1.8,0.5,2.3,4.5,18.4,,daviste02
298,George Hill,36,2TM,SG,46,1,834,3.4,7.2,.470,1.5,4.1,.358,1.9,3.1,.620,.572,1.8,2.4,.764,0.6,3.0,3.7,4.7,1.1,0.3,1.5,2.4,10.0,,hillge01
298,George Hill,36,MIL,PG,35,0,668,3.2,7.1,.447,1.2,4.0,.311,1.9,3.1,.621,.534,1.8,2.5,.739,0.7,2.9,3.6,4.8,1.0,0.2,1.5,2.2,9.4,,hillge01
298,George Hill,36,IND,SG,11,1,166,4.1,7.4,.559,2.4,4.6,.524,1.7,2.8,.615,.721,1.7,2.0,.889,0.4,3.5,3.9,4.6,1.5,0.7,1.5,3.0,12.4,,hillge01
299,Mark Williams,21,CHO,C,43,17,828,7.0,10.9,.637,0.0,0.0,,7.0,10.9,.637,.637,2.9,4.2,.691,4.0,9.2,13.2,0.8,1.2,2.0,1.7,4.1,16.8,,willima07
300,Robert Williams,25,BOS,C,35,20,824,5.5,7.4,.747,0.0,0.0,.000,5.5,7.4,.751,.747,1.1,1.8,.610,4.5,8.2,12.8,2.2,1.0,2.1,1.5,3.0,12.2,,williro04
301,Wesley Matthews,36,MIL,SF,52,0,820,2.5,7.0,.363,1.7,5.4,.315,0.8,1.6,.528,.484,1.1,1.2,.857,1.5,3.5,5.0,1.5,0.9,0.6,0.8,3.1,7.9,,matthwe02
302,Moses Moody,20,GSW,SG,63,3,817,4.8,10.0,.476,2.2,5.9,.363,2.6,4.1,.641,.584,1.6,2.3,.698,1.2,3.4,4.6,2.2,0.8,0.3,1.5,2.4,13.3,,moodymo01
303,Rudy Gay,36,UTA,PF,56,0,816,4.8,12.7,.380,1.5,5.7,.254,3.4,6.9,.484,.437,1.9,2.2,.857,1.5,5.7,7.2,2.5,0.8,0.8,1.6,3.0,12.9,,gayru01
304,Ty Jerome,25,GSW,SG,45,2,816,5.2,10.7,.488,1.5,4.0,.389,3.7,6.7,.546,.560,1.7,1.8,.927,0.3,3.1,3.4,6.0,1.0,0.2,1.3,2.8,13.6,,jeromty01
305,Jeremiah Robinson-Earl,22,OKC,PF,43,20,814,4.9,11.0,.444,1.6,4.9,.333,3.2,6.1,.533,.518,1.5,1.9,.833,3.1,4.8,8.0,1.9,1.1,0.5,0.8,3.1,12.9,,robinje02
306,Jericho Sims,24,NYK,C,52,16,812,3.7,4.7,.776,0.0,0.0,.000,3.7,4.7,.783,.776,0.5,0.7,.750,4.4,6.3,10.7,1.1,0.7,1.2,1.2,4.3,7.9,,simsje01
307,Caleb Houstan,20,ORL,SF,51,4,812,2.9,8.1,.363,2.0,6.0,.338,0.9,2.0,.435,.489,0.7,0.8,.833,1.5,2.9,4.4,1.3,0.5,0.3,0.8,2.8,8.6,,houstca01
308,Danuel House Jr.,29,PHI,SF,56,5,807,4.1,8.8,.472,1.7,4.9,.336,2.5,3.9,.644,.566,2.0,2.7,.750,0.4,3.8,4.2,2.0,0.6,0.4,1.2,3.1,12.0,,houseda01
309,Landry Shamet,25,PHO,SG,40,9,807,5.0,13.4,.377,3.3,8.9,.377,1.7,4.5,.376,.502,2.0,2.3,.882,0.5,2.5,3.0,4.1,1.2,0.2,1.6,2.7,15.4,,shamela01
310,Dario Šarić,28,2TM,C,57,12,806,5.7,12.4,.458,2.0,5.1,.391,3.7,7.2,.506,.540,2.8,3.4,.829,2.4,6.9,9.2,3.3,0.9,0.3,2.5,4.4,16.2,,saricda01
310,Dario Šarić,28,PHO,PF,37,12,533,5.1,12.0,.427,1.8,4.7,.391,3.3,7.4,.450,.503,2.4,3.0,.818,2.6,7.0,9.6,3.8,0.9,0.3,2.4,4.7,14.5,,saricda01
310,Dario Šarić,28,OKC,C,20,0,273,6.7,13.1,.515,2.4,6.1,.391,4.4,7.0,.623,.606,3.6,4.2,.844,1.8,6.7,8.6,2.2,0.9,0.3,2.5,4.0,19.4,,saricda01
311,Luke Kornet,27,BOS,C,69,0,804,5.1,7.6,.665,0.1,0.6,.231,4.9,7.0,.701,.674,1.4,1.7,.821,3.9,5.0,8.8,2.4,0.5,2.1,1.1,3.6,11.7,,kornelu01
312,Christian Koloko,22,TOR,C,58,19,802,3.2,6.7,.480,0.0,0.5,.083,3.2,6.2,.514,.483,1.7,2.6,.627,3.8,3.9,7.7,1.4,0.9,2.6,0.9,5.7,8.2,,kolokch01
313,Khris Middleton,31,MIL,SF,33,19,801,8.0,18.2,.436,2.3,7.3,.315,5.7,11.0,.516,.499,4.1,4.6,.902,1.3,5.0,6.3,7.3,1.0,0.2,3.2,3.1,22.3,,middlkh01
314,JaMychal Green,32,GSW,PF,57,1,797,6.1,11.4,.540,1.9,5.0,.378,4.2,6.4,.667,.623,2.3,3.0,.776,3.3,6.0,9.3,2.3,1.1,1.0,2.3,4.7,16.5,,greenja01
315,Thaddeus Young,34,TOR,PF,54,9,795,4.9,9.0,.545,0.3,1.5,.176,4.6,7.4,.622,.561,0.8,1.2,.692,3.2,4.3,7.5,3.4,2.4,0.2,1.9,4.0,10.9,,youngth01
316,Bryce McGowens,20,CHO,SG,46,7,787,3.7,9.2,.396,1.2,3.7,.325,2.5,5.6,.443,.460,2.7,3.7,.750,0.9,3.3,4.3,2.5,0.7,0.3,2.0,2.2,11.3,,mcgowbr01
317,Josh Christopher,21,HOU,SG,64,2,786,7.0,15.1,.465,1.0,4.1,.236,6.0,11.0,.550,.497,2.1,2.7,.750,0.9,2.3,3.3,3.3,1.5,0.7,2.7,2.7,17.0,,chrisjo01
318,Robert Covington,32,LAC,PF,48,0,779,4.7,10.6,.445,2.5,6.3,.397,2.2,4.3,.516,.563,1.4,1.8,.750,1.4,6.2,7.7,2.6,1.8,1.5,1.5,4.0,13.3,,covinro01
319,Justise Winslow,26,POR,PF,29,11,776,3.8,9.2,.409,0.6,2.1,.311,3.1,7.1,.438,.444,0.9,1.3,.714,2.3,4.5,6.7,4.5,1.4,0.5,2.0,4.1,9.1,,winslju01
320,Mo Bamba,24,2TM,C,49,7,769,5.5,11.3,.485,2.2,5.8,.387,3.2,5.5,.590,.585,1.9,2.9,.661,2.7,7.8,10.5,2.2,0.6,2.0,1.4,4.9,15.1,,bambamo01
320,Mo Bamba,24,ORL,C,40,6,681,5.6,11.3,.495,2.3,5.7,.398,3.3,5.6,.594,.596,1.9,2.7,.686,2.5,7.2,9.7,2.2,0.6,2.0,1.2,4.5,15.3,,bambamo01
320,Mo Bamba,24,LAL,C,9,1,88,4.5,11.0,.407,2.0,6.5,.313,2.5,4.5,.545,.500,2.5,4.5,.545,4.5,12.3,16.8,1.6,0.4,2.0,3.3,7.8,13.5,,bambamo01
321,Simone Fontecchio,27,UTA,SF,52,6,766,5.4,14.7,.369,3.0,9.0,.330,2.4,5.7,.430,.470,1.6,2.1,.795,1.5,2.6,4.0,2.0,0.7,0.4,1.8,2.9,15.4,,fontesi01
322,Miles McBride,22,NYK,PG,64,2,760,3.6,10.2,.358,1.9,6.3,.299,1.8,3.8,.457,.451,1.3,2.0,.667,0.6,1.8,2.4,3.4,1.8,0.4,1.2,2.8,10.5,,mcbrimi01
323,Paul Reed,23,PHI,C,69,2,755,5.9,10.0,.593,0.0,0.3,.167,5.9,9.7,.606,.596,1.8,2.4,.745,5.3,7.2,12.5,1.3,2.2,2.4,2.1,5.9,13.7,,reedpa01
324,John Wall,32,LAC,PG,34,3,755,6.6,16.1,.408,1.6,5.2,.303,5.0,10.9,.459,.457,3.7,5.4,.681,0.7,3.7,4.4,8.5,1.3,0.6,3.8,2.8,18.4,,walljo01
325,R.J. Hampton,21,2TM,SG,47,3,750,4.9,11.4,.430,2.0,5.6,.353,2.9,5.8,.504,.517,2.7,3.6,.750,0.9,3.3,4.2,2.6,1.3,0.4,2.0,2.4,14.5,,hamptrj01
325,R.J. Hampton,21,ORL,SG,26,0,361,5.0,11.4,.439,1.8,5.3,.340,3.2,6.1,.525,.518,3.1,3.7,.838,0.9,3.0,3.9,3.4,1.6,0.4,2.1,2.2,14.9,,hamptrj01
325,R.J. Hampton,21,DET,SG,21,3,389,4.8,11.4,.423,2.1,5.8,.365,2.7,5.6,.483,.516,2.4,3.6,.667,0.8,3.6,4.4,1.9,1.0,0.5,1.9,2.7,14.2,,hamptrj01
326,Edmond Sumner,27,BRK,SG,53,12,736,6.1,13.2,.461,1.5,4.3,.356,4.5,8.9,.511,.519,4.8,5.3,.917,0.6,3.2,3.9,3.3,1.5,0.5,2.4,4.1,18.5,,sumneed01
327,Zeke Nnaji,22,DEN,PF,53,5,728,5.4,9.7,.561,0.8,3.2,.262,4.6,6.5,.710,.605,2.0,3.1,.645,3.2,3.6,6.8,0.9,0.8,1.1,1.5,5.2,13.7,,nnajize01
328,Jaden Hardy,20,DAL,SG,48,5,708,7.4,16.9,.438,3.2,7.9,.404,4.2,9.0,.469,.533,3.3,4.0,.823,0.6,4.0,4.5,3.3,0.9,0.4,2.3,3.3,21.4,,hardyja02
329,Justin Holiday,33,2TM,SF,46,2,706,3.9,10.4,.377,2.3,7.3,.322,1.6,3.1,.508,.490,0.3,0.4,.625,0.3,2.5,2.8,2.1,1.0,1.0,1.1,3.5,10.5,,holidju01
329,Justin Holiday,33,ATL,SF,28,0,411,4.2,10.9,.384,2.6,7.6,.345,1.6,3.3,.474,.504,0.0,0.0,,0.2,1.8,2.0,2.2,0.4,0.9,1.1,3.2,11.0,,holidju01
329,Justin Holiday,33,DAL,SF,18,2,295,3.5,9.6,.367,2.0,6.8,.286,1.6,2.8,.565,.468,0.6,1.0,.625,0.4,3.5,3.9,2.0,1.7,1.1,1.2,3.8,9.6,,holidju01
330,MarJon Beauchamp,22,MIL,SF,52,11,701,4.9,12.5,.395,2.4,7.3,.331,2.5,5.2,.485,.492,1.4,1.9,.730,2.0,4.0,5.9,1.8,1.1,0.4,2.3,3.6,13.7,,beaucma01
331,Aleksej Pokusevski,21,OKC,PF,34,25,701,5.5,12.8,.434,2.0,5.3,.365,3.6,7.4,.483,.510,1.1,1.8,.629,2.3,5.9,8.2,3.3,1.0,2.2,2.2,3.0,14.2,,pokusal01
332,Juan Toscano-Anderson,29,2TM,SF,52,9,700,3.3,7.4,.448,0.4,2.2,.186,2.9,5.1,.560,.476,1.0,1.2,.792,1.4,4.9,6.4,3.3,0.8,0.5,1.7,4.1,8.0,,toscaju01
332,Juan Toscano-Anderson,29,LAL,SF,30,7,365,3.3,6.5,.500,0.4,2.0,.200,2.9,4.5,.630,.530,1.1,1.5,.733,1.4,4.6,6.0,2.5,1.0,0.7,1.7,4.5,8.0,,toscaju01
332,Juan Toscano-Anderson,29,UTA,SF,22,2,335,3.3,8.3,.403,0.4,2.5,.174,2.9,5.8,.500,.429,0.9,1.0,.889,1.5,5.3,6.8,4.3,0.6,0.3,1.8,3.7,8.0,,toscaju01
333,Malachi Flynn,24,TOR,PG,53,2,691,4.5,12.6,.360,2.4,6.9,.353,2.1,5.7,.367,.457,1.3,1.7,.758,0.8,3.2,4.0,3.6,1.1,0.2,1.3,3.4,12.8,,flynnma01
334,Duncan Robinson,28,MIA,SF,42,1,691,4.6,12.3,.371,3.3,10.0,.328,1.3,2.3,.556,.504,1.5,1.7,.906,0.4,3.2,3.6,2.4,0.7,0.0,1.5,4.0,14.0,,robindu01
335,Chimezie Metu,25,SAC,PF,66,0,689,6.7,11.4,.589,0.5,2.0,.237,6.3,9.5,.663,.610,2.8,3.8,.740,2.5,7.9,10.3,2.1,1.1,1.1,1.7,4.2,16.8,,metuch01
336,T.J. Warren,29,2TM,PF,42,0,687,6.9,14.1,.489,1.2,3.5,.328,5.8,10.6,.542,.530,1.5,1.8,.800,1.4,5.0,6.3,2.1,1.2,0.6,1.0,3.4,16.5,,warretj01
336,T.J. Warren,29,BRK,PF,26,0,490,7.5,14.7,.510,1.2,3.5,.333,6.3,11.2,.566,.550,2.0,2.4,.818,1.0,4.3,5.3,2.1,1.1,0.5,1.2,3.3,18.1,,warretj01
336,T.J. Warren,29,PHO,SF,16,0,197,5.5,12.8,.429,1.1,3.5,.316,4.4,9.3,.471,.471,0.2,0.4,.500,2.4,6.6,9.0,2.0,1.3,0.9,0.5,3.7,12.2,,warretj01
337,Garrison Mathews,26,2TM,SG,54,0,686,3.8,10.5,.363,3.3,9.4,.350,0.5,1.1,.476,.520,2.5,2.8,.906,0.6,3.3,3.8,1.4,1.3,0.3,1.0,3.3,13.5,,mathega01
337,Garrison Mathews,26,HOU,SG,45,0,602,3.6,10.2,.353,3.2,9.3,.342,0.4,0.9,.467,.509,2.5,2.7,.911,0.6,3.1,3.7,1.4,1.4,0.2,1.1,3.3,12.8,,mathega01
337,Garrison Mathews,26,ATL,SG,9,0,84,5.6,13.3,.419,4.3,10.7,.400,1.3,2.6,.500,.581,3.0,3.4,.875,0.4,4.3,4.7,1.3,0.4,0.4,0.4,2.6,18.4,,mathega01
338,Montrezl Harrell,29,PHI,C,57,7,681,6.6,11.0,.598,0.0,0.3,.000,6.6,10.7,.616,.598,3.7,5.3,.693,3.5,4.9,8.4,1.7,0.9,1.3,1.9,4.0,16.9,,harremo01
339,Jordan McLaughlin,26,MIN,PG,43,0,678,3.2,7.7,.421,1.3,4.1,.308,2.0,3.6,.552,.503,0.8,1.0,.833,0.8,2.5,3.3,7.9,1.7,0.2,1.8,1.5,8.5,,mclaujo01
340,Jae'Sean Tate,27,HOU,SF,31,7,677,5.8,12.2,.480,0.7,2.4,.283,5.2,9.7,.530,.509,2.7,3.7,.725,2.2,4.1,6.3,4.5,1.1,0.4,2.5,5.6,15.0,,tateja01
341,Blake Wesley,19,SAS,SG,37,1,669,3.7,11.6,.321,1.1,2.8,.385,2.6,8.8,.301,.367,1.4,2.4,.591,0.6,3.7,4.4,5.3,1.3,0.3,3.5,3.6,9.9,,weslebl01
342,Sandro Mamukelashvili,23,2TM,C,43,7,660,5.3,12.5,.422,1.6,5.4,.303,3.7,7.1,.511,.487,2.1,3.1,.684,3.8,6.3,10.1,3.4,0.8,0.7,1.9,2.8,14.3,,mamuksa01
342,Sandro Mamukelashvili,23,MIL,C,24,0,217,3.2,9.6,.328,1.2,5.3,.219,2.0,4.3,.462,.388,2.0,3.0,.667,3.0,6.3,9.3,2.7,0.7,0.8,1.5,3.2,9.5,,mamuksa01
342,Sandro Mamukelashvili,23,SAS,C,19,7,443,6.3,14.0,.453,1.9,5.4,.343,4.5,8.5,.524,.520,2.2,3.2,.692,4.2,6.3,10.5,3.7,0.8,0.6,2.1,2.7,16.7,,mamuksa01
343,Eugene Omoruyi,25,2TM,SF,40,6,645,5.6,12.7,.443,1.4,5.0,.281,4.2,7.8,.547,.498,2.8,4.2,.680,2.4,3.8,6.2,1.6,1.6,0.2,1.9,5.1,15.5,,omorueu01
343,Eugene Omoruyi,25,OKC,SF,23,2,272,5.8,12.4,.468,1.1,4.1,.258,4.8,8.3,.571,.511,2.3,3.7,.607,2.9,4.0,6.9,1.5,1.9,0.0,2.1,6.1,15.0,,omorueu01
343,Eugene Omoruyi,25,DET,SF,17,4,373,5.5,12.9,.425,1.6,5.6,.293,3.9,7.3,.526,.489,3.3,4.5,.723,2.0,3.7,5.7,1.6,1.4,0.3,1.7,4.3,15.9,,omorueu01
344,Payton Pritchard,25,BOS,PG,48,3,643,5.7,13.7,.412,3.1,8.6,.364,2.5,5.1,.495,.527,0.7,0.9,.750,1.4,3.5,4.9,3.6,0.8,0.1,2.2,2.1,15.1,,pritcpa01
345,Amir Coffey,25,LAC,SF,50,9,625,3.2,8.4,.386,0.6,2.3,.275,2.6,6.0,.429,.424,2.8,3.6,.778,1.0,2.1,3.1,3.1,0.4,0.3,1.2,2.9,9.9,,coffeam01
346,Anthony Gill,30,WAS,PF,59,8,624,4.1,7.6,.538,0.2,1.7,.138,3.9,5.9,.650,.553,2.8,3.9,.731,2.1,3.6,5.7,2.0,0.4,0.7,0.9,4.0,11.3,,gillan01
347,Jabari Walker,20,POR,PF,56,0,619,4.8,11.5,.419,0.9,3.3,.286,3.9,8.3,.472,.460,2.0,2.6,.756,2.8,4.8,7.6,2.0,0.6,0.8,1.7,4.0,12.6,,walkeja01
348,Darius Bazley,22,2TM,C,43,1,616,4.9,10.7,.454,1.2,3.1,.377,3.7,7.6,.485,.508,2.2,4.1,.543,2.0,6.1,8.1,2.2,1.3,2.0,1.6,2.6,13.1,,bazleda01
348,Darius Bazley,22,OKC,C,36,1,555,4.6,10.2,.449,1.2,2.9,.400,3.4,7.3,.469,.506,2.3,4.2,.554,1.9,6.0,7.9,2.1,1.2,1.9,1.4,2.3,12.7,,bazleda01
348,Darius Bazley,22,PHO,C,7,0,61,7.1,14.8,.480,1.2,4.7,.250,5.9,10.0,.588,.520,1.2,3.0,.400,3.0,6.5,9.4,3.5,1.8,3.0,3.0,5.3,16.5,,bazleda01
349,Juancho Hernangómez,27,TOR,PF,42,10,614,2.8,6.7,.421,1.0,3.9,.254,1.8,2.8,.660,.496,0.5,0.9,.563,1.6,5.6,7.2,1.5,0.9,0.4,0.9,2.5,7.2,,hernaju01
350,Jaxson Hayes,22,NOP,C,47,2,610,5.1,9.2,.551,0.2,1.7,.103,4.9,7.5,.654,.561,3.4,4.9,.699,2.3,5.5,7.8,2.0,1.2,1.1,1.8,4.0,13.8,,hayesja02
351,Frank Ntilikina,24,DAL,SG,47,5,607,2.8,7.8,.364,1.0,4.0,.254,1.8,3.9,.477,.428,1.3,2.0,.667,0.4,3.3,3.7,3.4,0.9,0.4,1.7,3.9,8.0,,ntilila01
352,DeAndre Jordan,34,DEN,C,39,8,586,5.4,7.1,.765,0.1,0.1,1.000,5.3,7.0,.763,.770,1.4,2.9,.458,3.2,9.2,12.4,2.1,0.7,1.4,2.9,4.4,12.2,,jordade01
353,Blake Griffin,33,BOS,C,41,16,569,4.0,8.2,.485,1.5,4.2,.348,2.5,4.0,.625,.573,1.3,2.0,.656,3.0,6.8,9.8,3.9,0.9,0.6,1.4,4.7,10.8,,griffbl01
354,Ousmane Dieng,19,OKC,PF,39,1,569,4.8,11.5,.420,1.6,6.2,.265,3.2,5.3,.602,.492,0.9,1.5,.652,1.2,5.4,6.6,2.9,0.9,0.4,1.6,2.7,12.2,,diengou01
355,Kris Dunn,28,UTA,PG,22,3,568,7.4,13.7,.537,1.1,2.3,.472,6.3,11.4,.550,.576,2.6,3.4,.774,0.6,5.8,6.3,7.9,1.6,0.6,2.2,3.7,18.4,,dunnkr01
356,Patty Mills,34,BRK,PG,40,2,567,5.5,13.3,.411,3.1,8.5,.366,2.3,4.8,.493,.529,1.6,1.9,.833,0.5,2.3,2.8,3.6,1.0,0.2,1.9,2.0,15.6,,millspa02
357,Ricky Rubio,32,CLE,PG,33,2,566,3.9,11.3,.343,1.3,5.2,.256,2.5,6.1,.417,.402,1.8,2.2,.800,0.6,3.9,4.5,7.3,1.7,0.4,2.0,3.2,10.9,,rubiori01
358,Ziaire Williams,21,MEM,SF,37,4,561,5.4,12.6,.429,1.6,6.2,.258,3.8,6.4,.596,.492,1.1,1.4,.773,1.0,4.0,5.1,2.2,0.9,0.4,2.4,3.7,13.5,,willizi02
359,Day'Ron Sharpe,21,BRK,C,48,3,552,6.1,11.2,.544,0.4,0.7,.545,5.7,10.4,.544,.561,2.3,3.6,.636,6.5,6.6,13.0,2.4,1.0,2.1,2.7,5.8,14.8,,sharpda01
360,Kai Jones,22,CHO,C,46,0,550,4.4,7.9,.558,0.3,1.2,.211,4.1,6.6,.624,.575,1.2,1.7,.731,2.4,5.6,8.1,1.0,1.1,2.0,2.0,4.3,10.3,,joneska01
361,Lindy Waters III,25,OKC,SG,41,0,531,4.7,12.1,.393,3.9,11.0,.358,0.8,1.1,.750,.556,1.1,1.4,.800,1.1,4.0,5.1,1.9,0.9,0.7,0.7,2.8,14.5,,waterli01
362,Rodney McGruder,31,DET,SG,32,12,524,4.3,10.4,.408,2.8,6.7,.423,1.4,3.8,.382,.543,1.2,1.5,.818,1.4,3.7,5.1,1.9,1.1,0.1,0.8,2.7,12.6,,mcgruro01
363,Chuma Okeke,24,ORL,SF,27,8,518,3.0,8.5,.352,1.8,6.0,.302,1.2,2.5,.472,.459,1.1,1.5,.762,1.8,4.9,6.7,2.6,1.3,0.8,1.2,2.8,8.9,,okekech01
364,James Bouknight,22,CHO,SG,34,0,515,4.8,13.5,.358,2.3,7.6,.303,2.5,5.9,.429,.443,1.4,2.1,.667,0.6,4.5,5.0,2.9,1.0,0.3,2.2,3.4,13.4,,bouknja01
365,Max Christie,19,LAL,SG,41,3,512,3.1,7.5,.415,1.8,4.4,.419,1.3,3.1,.409,.538,1.0,1.1,.875,0.5,4.8,5.3,1.5,0.6,0.5,0.9,2.3,9.0,,chrisma02
366,Charles Bassey,22,SAS,C,35,2,508,6.2,9.6,.644,0.2,0.6,.375,6.0,9.0,.661,.656,1.6,2.6,.595,5.3,8.4,13.7,3.4,1.1,2.3,2.9,5.2,14.1,,bassech01
367,Raul Neto,30,CLE,PG,48,1,505,4.1,7.8,.518,0.9,3.0,.286,3.2,4.8,.662,.573,2.2,2.4,.912,0.7,2.6,3.3,5.6,1.2,0.3,1.7,3.5,11.2,,netora01
368,Dāvis Bertāns,30,DAL,PF,45,1,492,5.0,11.7,.431,4.0,10.3,.390,1.0,1.4,.737,.603,1.0,1.1,.867,0.7,3.1,3.9,1.5,0.8,0.6,0.7,3.9,15.1,,bertada01
369,Taj Gibson,37,WAS,C,49,2,480,4.9,9.4,.520,0.6,1.8,.333,4.3,7.6,.564,.552,2.3,3.2,.714,2.4,4.6,7.0,2.5,1.1,0.9,1.9,6.3,12.6,,gibsota01
370,Javonte Green,29,CHI,SF,32,1,480,4.6,8.1,.565,1.0,2.6,.371,3.6,5.5,.658,.625,2.3,3.4,.667,2.0,4.6,6.6,1.7,1.8,1.6,1.5,3.9,12.4,,greenja02
371,Damian Jones,27,2TM,C,41,1,477,4.2,6.5,.640,0.8,1.3,.588,3.4,5.2,.652,.698,1.7,2.2,.759,3.2,6.0,9.2,1.1,0.6,1.6,1.7,4.2,10.7,,jonesda03
371,Damian Jones,27,LAL,C,22,1,176,4.1,7.6,.541,0.0,0.6,.000,4.1,7.0,.588,.541,3.1,4.1,.750,3.7,7.6,11.3,0.8,0.6,2.5,1.8,3.5,11.3,,jonesda03
371,Damian Jones,27,UTA,C,19,0,301,4.2,5.9,.714,1.2,1.7,.714,3.0,4.2,.714,.816,0.8,1.1,.778,2.9,5.1,8.0,1.3,0.6,1.1,1.7,4.5,10.4,,jonesda03
372,Isaiah Roby,24,SAS,PF,42,2,474,5.1,11.8,.432,1.4,4.6,.300,3.7,7.2,.516,.490,1.5,3.1,.488,1.6,6.5,8.1,2.9,1.4,0.5,2.4,4.0,13.1,,robyis01
373,Stanley Johnson,26,SAS,SF,30,0,469,5.0,9.4,.533,1.4,3.1,.450,3.6,6.3,.573,.607,2.0,3.0,.667,1.7,5.6,7.3,5.1,1.2,0.5,2.5,3.7,13.4,,johnsst04
374,Svi Mykhailiuk,25,2TM,SF,32,8,468,5.9,13.3,.445,3.2,7.6,.424,2.7,5.7,.473,.566,2.0,3.0,.667,1.2,2.9,4.1,4.1,1.2,0.3,1.8,1.8,17.1,,mykhasv01
374,Svi Mykhailiuk,25,NYK,SF,13,0,40,5.4,10.8,.500,5.4,9.0,.600,0.0,1.8,.000,.750,2.7,4.5,.600,0.0,6.3,6.3,0.9,0.9,0.0,1.8,0.9,18.9,,mykhasv01
374,Svi Mykhailiuk,25,CHO,SF,19,8,428,6.0,13.5,.441,3.0,7.5,.404,2.9,6.1,.486,.553,1.9,2.9,.676,1.3,2.6,3.9,4.4,1.2,0.3,1.9,1.9,16.9,,mykhasv01
375,Evan Fournier,30,NYK,SG,27,7,459,4.4,13.0,.337,2.7,8.9,.307,1.6,4.1,.404,.443,1.4,1.6,.857,0.3,3.5,3.8,2.8,1.3,0.2,1.7,3.6,12.9,,fournev01
376,Willy Hernangómez,28,NOP,C,38,2,458,7.0,13.3,.527,0.2,0.9,.273,6.8,12.4,.544,.536,6.4,8.2,.779,4.6,9.6,14.1,2.6,1.3,1.0,3.1,5.0,20.6,,hernawi01
377,Kevon Harris,25,ORL,SG,34,0,457,3.7,8.4,.439,1.3,3.4,.372,2.4,5.0,.484,.514,2.4,3.2,.756,2.2,3.3,5.5,1.3,1.3,0.4,1.7,4.2,11.1,,harrike01
378,Goga Bitadze,23,2TM,C,38,1,457,5.4,9.8,.552,0.5,2.0,.231,5.0,7.8,.636,.576,1.8,3.3,.548,4.8,6.0,10.8,3.1,1.3,2.0,1.7,5.0,13.2,,bitadgo01
378,Goga Bitadze,23,IND,C,21,0,202,4.8,9.3,.519,0.7,2.5,.286,4.1,6.8,.605,.558,2.0,4.3,.458,4.5,4.3,8.7,3.2,1.6,1.8,2.1,6.1,12.3,,bitadgo01
378,Goga Bitadze,23,ORL,C,17,1,255,5.9,10.3,.575,0.3,1.7,.167,5.6,8.6,.656,.589,1.7,2.5,.667,5.1,7.3,12.4,3.0,1.0,2.3,1.4,4.2,13.8,,bitadgo01
379,Admiral Schofield,25,ORL,PF,37,0,451,4.4,9.7,.451,1.9,5.9,.324,2.5,3.8,.646,.549,1.7,1.8,.913,1.8,3.1,4.9,2.5,0.6,0.4,1.3,4.9,12.4,,schofad01
380,TyTy Washington Jr.,21,HOU,PG,31,2,433,4.8,13.3,.363,1.6,6.7,.238,3.2,6.7,.488,.422,0.8,1.5,.556,0.2,3.6,3.7,3.9,1.2,0.2,1.2,2.4,12.1,,washity02
381,Dewayne Dedmon,33,2TM,C,38,1,426,6.5,12.8,.510,1.0,3.3,.308,5.5,9.5,.580,.550,2.8,4.1,.673,2.9,8.5,11.3,2.2,0.8,1.6,2.1,6.3,16.8,,dedmode01
381,Dewayne Dedmon,33,MIA,C,30,0,350,6.6,13.3,.496,1.1,3.8,.297,5.5,9.5,.576,.539,3.3,4.5,.727,2.9,8.3,11.2,1.6,0.7,1.4,2.0,6.3,17.6,,dedmode01
381,Dewayne Dedmon,33,PHI,C,8,1,76,6.2,10.4,.591,0.5,0.9,.500,5.7,9.5,.600,.614,0.5,2.4,.200,2.8,9.0,11.8,4.7,0.9,2.4,2.8,6.6,13.3,,dedmode01
382,Orlando Robinson,22,MIA,C,31,1,425,4.0,7.5,.528,0.0,0.5,.000,4.0,7.0,.566,.528,1.9,2.6,.710,4.1,6.6,10.7,2.1,1.0,1.0,1.4,4.5,9.8,,robinor01
383,Johnny Davis,20,WAS,SG,28,5,423,5.6,14.6,.386,1.4,6.0,.243,4.2,8.6,.485,.436,1.2,2.3,.519,0.9,4.7,5.5,2.4,0.9,0.7,1.4,4.1,13.9,,davisjo06
384,Keon Johnson,20,POR,SG,40,0,416,5.8,15.4,.376,2.4,7.0,.346,3.4,8.4,.402,.455,2.3,3.5,.659,1.0,2.9,3.8,5.1,1.6,0.5,3.7,3.7,16.4,,johnske07
385,Jake LaRavia,21,MEM,PF,35,0,414,3.2,8.3,.389,2.1,6.2,.338,1.1,2.1,.542,.516,0.6,0.8,.778,1.7,3.8,5.5,1.8,1.0,0.3,1.6,4.3,9.1,,laravja01
386,Dominick Barlow,19,SAS,PF,28,0,408,4.1,7.6,.535,0.0,0.4,.000,4.1,7.2,.561,.535,1.6,2.2,.720,4.1,4.9,9.0,2.1,0.9,1.7,1.3,4.9,9.7,,barlodo01
387,Bruno Fernando,24,2TM,C,39,4,405,5.2,10.0,.527,0.0,0.4,.000,5.2,9.6,.546,.527,3.1,4.4,.700,4.8,7.4,12.2,2.8,0.5,3.0,2.2,6.6,13.6,,fernabr01
387,Bruno Fernando,24,HOU,C,31,4,364,4.7,9.2,.516,0.0,0.1,.000,4.7,9.1,.522,.516,3.0,4.4,.682,4.7,7.3,12.1,3.0,0.6,3.1,2.0,6.7,12.5,,fernabr01
387,Bruno Fernando,24,ATL,C,8,0,41,9.7,16.7,.579,0.0,2.6,.000,9.7,14.0,.688,.579,4.4,5.3,.833,5.3,7.9,13.2,0.9,0.0,2.6,4.4,5.3,23.7,,fernabr01
388,Cade Cunningham,21,DET,PG,12,12,400,8.4,20.2,.415,1.5,5.5,.279,6.8,14.7,.466,.453,3.2,3.9,.837,1.1,5.6,6.7,6.5,0.9,0.6,3.5,3.1,21.5,,cunnica01
389,Ish Smith,34,DEN,PG,43,0,398,4.7,11.8,.397,0.2,1.1,.167,4.5,10.8,.420,.405,0.2,0.4,.500,0.5,4.4,4.9,9.0,0.7,0.6,4.0,3.0,9.8,,smithis01
390,Duane Washington Jr.,22,PHO,SG,31,3,394,8.6,23.4,.367,3.7,10.1,.360,4.9,13.2,.372,.445,1.5,2.2,.667,0.2,3.1,3.3,5.8,0.5,0.4,3.1,2.1,22.3,,washidu02
391,Kessler Edwards,22,2TM,SF,36,4,385,3.4,8.7,.387,1.6,5.1,.309,1.8,3.6,.500,.478,1.0,1.4,.733,2.2,3.6,5.7,2.2,1.3,0.6,1.2,3.7,9.4,,edwarke02
391,Kessler Edwards,22,BRK,SF,14,1,79,2.7,10.9,.250,0.9,5.5,.167,1.8,5.5,.333,.292,0.5,0.9,.500,2.7,3.6,6.4,0.9,1.4,0.5,1.8,1.4,6.8,,edwarke02
391,Kessler Edwards,22,SAC,SF,22,3,306,3.5,8.1,.435,1.8,5.1,.349,1.8,3.1,.577,.543,1.2,1.5,.769,2.0,3.5,5.5,2.5,1.3,0.6,1.1,4.4,10.0,,edwarke02
392,Saben Lee,23,2TM,PG,25,1,373,4.7,11.7,.405,1.1,2.9,.367,3.7,8.8,.418,.450,4.1,5.5,.737,1.3,3.1,4.3,6.5,1.8,0.1,2.3,3.1,14.6,,leesa01
392,Saben Lee,23,PHI,PG,2,0,10,10.8,14.4,.750,0.0,3.6,.000,10.8,10.8,1.000,.750,0.0,0.0,,0.0,0.0,0.0,7.2,3.6,0.0,10.8,3.6,21.6,,leesa01
392,Saben Lee,23,PHO,PG,23,1,363,4.6,11.6,.393,1.1,2.9,.379,3.5,8.7,.398,.440,4.2,5.7,.737,1.3,3.2,4.5,6.4,1.8,0.1,2.1,3.1,14.4,,leesa01
393,Gary Payton II,30,2TM,SG,22,1,367,4.0,6.8,.594,1.3,2.6,.500,2.7,4.2,.651,.688,0.6,0.7,.857,2.4,4.4,6.8,2.9,2.2,0.5,1.6,4.2,9.9,,paytoga02
393,Gary Payton II,30,POR,SG,15,1,255,3.4,5.8,.585,1.3,2.4,.529,2.1,3.4,.625,.695,0.6,0.6,1.000,1.4,4.1,5.5,3.1,2.3,0.1,1.7,4.1,8.6,,paytoga02
393,Gary Payton II,30,GSW,SG,7,0,112,5.5,9.0,.607,1.3,2.9,.444,4.2,6.1,.684,.679,0.6,1.0,.667,4.5,5.1,9.6,2.6,1.9,1.3,1.3,4.5,12.9,,paytoga02
394,Udoka Azubuike,23,UTA,C,36,4,359,5.9,7.2,.819,0.0,0.0,,5.9,7.2,.819,.819,0.7,2.0,.350,3.1,8.8,11.9,1.1,0.6,1.5,1.8,3.4,12.5,,azubuud01
395,Gorgui Dieng,33,SAS,C,31,1,358,4.5,11.8,.385,2.1,7.5,.280,2.4,4.2,.571,.474,1.0,1.3,.769,2.7,8.0,10.8,5.3,0.4,1.4,3.2,5.7,12.2,,dienggo01
396,JaVale McGee,35,DAL,C,42,7,355,8.1,12.7,.640,0.2,0.5,.400,7.9,12.2,.650,.648,2.4,4.2,.585,3.0,7.8,10.9,1.1,0.4,2.6,3.7,5.5,18.9,,mcgeeja01
397,Markieff Morris,33,2TM,PF,35,2,355,4.8,11.7,.409,2.8,7.2,.394,1.9,4.5,.432,.530,1.0,1.0,1.000,1.3,5.9,7.2,3.1,0.9,0.5,1.8,4.9,13.4,,morrima02
397,Markieff Morris,33,BRK,PF,27,1,285,4.2,10.4,.402,2.5,6.2,.408,1.6,4.2,.394,.524,1.3,1.3,1.000,1.6,5.8,7.5,3.2,1.0,0.6,1.8,4.2,12.1,,morrima02
397,Markieff Morris,33,DAL,PF,8,1,70,7.2,17.0,.424,4.1,11.3,.364,3.1,5.7,.545,.545,0.0,0.0,,0.0,6.2,6.2,3.1,0.5,0.0,2.1,7.7,18.5,,morrima02
398,Furkan Korkmaz,25,PHI,SG,37,0,353,4.9,11.3,.432,1.8,4.7,.391,3.1,6.6,.462,.514,2.7,3.7,.722,0.6,3.7,4.3,2.2,1.0,0.3,2.4,1.8,14.3,,korkmfu01
399,Richaun Holmes,29,SAC,C,42,1,348,5.7,9.2,.618,0.5,0.8,.625,5.2,8.4,.617,.646,1.6,2.0,.789,3.0,5.3,8.3,0.9,0.3,1.1,1.4,5.2,13.4,,holmeri01
400,A.J. Green,23,MIL,SG,35,1,345,5.5,13.0,.424,4.6,11.0,.419,0.9,2.1,.450,.600,0.4,0.4,1.000,0.6,4.1,4.7,2.3,0.6,0.0,0.9,3.2,16.1,,greenaj01
401,Davon Reed,27,2TM,SG,43,1,342,2.9,8.8,.333,1.8,4.8,.370,1.2,4.0,.289,.435,1.7,2.5,.667,1.1,5.2,6.2,2.4,1.6,0.4,2.1,4.1,9.4,,reedda01
401,Davon Reed,27,DEN,SG,35,1,315,2.9,9.1,.313,1.8,5.0,.364,1.0,4.1,.250,.413,1.7,2.3,.750,1.0,5.3,6.3,2.2,1.5,0.5,2.3,4.1,9.3,,reedda01
401,Davon Reed,27,LAL,SG,8,0,27,4.0,5.3,.750,1.3,2.7,.500,2.7,2.7,1.000,.875,1.3,5.3,.250,1.3,4.0,5.3,5.3,2.7,0.0,0.0,4.0,10.7,,reedda01
402,Jae Crowder,32,MIL,PF,18,3,340,4.8,10.0,.479,2.5,5.8,.436,2.2,4.1,.538,.606,1.1,1.3,.833,1.8,5.5,7.3,2.9,1.3,0.6,0.7,2.9,13.1,,crowdja01
403,Derrick Rose,34,NYK,PG,27,0,338,6.5,16.9,.384,2.0,6.7,.302,4.5,10.2,.438,.443,1.2,1.3,.917,0.9,3.4,4.3,4.9,0.7,0.5,2.3,1.9,16.2,,rosede01
404,McKinley Wright IV,24,DAL,PG,27,1,335,4.9,10.5,.469,1.0,3.0,.321,4.0,7.5,.529,.515,1.4,2.0,.684,1.0,4.1,5.1,6.2,0.9,0.5,2.0,2.6,12.3,,wrighmc01
405,Theo Pinson,27,DAL,SG,40,1,323,3.5,9.7,.356,2.5,6.9,.355,1.0,2.8,.360,.483,1.2,1.4,.846,1.1,5.9,7.0,5.1,0.7,0.1,1.3,3.8,10.6,,pinsoth01
406,Julian Champagnie,21,2TM,SF,17,3,320,6.6,14.6,.454,3.7,9.2,.402,2.9,5.4,.542,.581,1.6,1.9,.824,1.1,5.6,6.8,1.1,0.7,0.6,1.2,2.9,18.6,,champju02
406,Julian Champagnie,21,PHI,SF,2,0,7,0.0,10.3,.000,0.0,5.1,.000,0.0,5.1,.000,.000,0.0,0.0,,0.0,0.0,0.0,0.0,5.1,0.0,0.0,0.0,0.0,,champju02
406,Julian Champagnie,21,SAS,SF,15,3,313,6.8,14.7,.461,3.8,9.3,.407,3.0,5.4,.553,.590,1.6,2.0,.824,1.2,5.8,6.9,1.2,0.6,0.6,1.3,3.0,19.0,,champju02
407,Matt Ryan,25,2TM,SF,34,0,310,4.6,12.5,.370,3.7,9.8,.381,0.9,2.8,.333,.519,1.2,1.4,.833,0.5,2.6,3.0,1.9,0.6,0.1,0.8,3.1,14.2,,ryanma01
407,Matt Ryan,25,LAL,SF,12,0,129,4.2,13.7,.306,3.6,9.8,.371,0.6,3.9,.143,.439,1.1,1.4,.800,0.6,3.3,3.9,1.1,0.6,0.0,0.8,3.9,13.1,,ryanma01
407,Matt Ryan,25,MIN,SF,22,0,181,5.0,11.7,.424,3.8,9.7,.388,1.2,2.0,.600,.585,1.2,1.4,.857,0.4,2.0,2.4,2.4,0.6,0.2,0.8,2.6,14.9,,ryanma01
408,Robin Lopez,34,CLE,C,37,2,299,5.8,9.0,.640,0.2,0.5,.500,5.5,8.5,.648,.653,1.7,2.2,.778,2.8,3.4,6.1,2.3,0.2,1.0,3.0,5.2,13.5,,lopezro01
409,Moses Brown,23,2TM,C,36,1,294,7.5,11.8,.635,0.0,0.0,,7.5,11.8,.635,.635,4.0,8.8,.458,7.0,10.0,17.0,0.5,0.5,1.7,1.8,4.8,19.0,,brownmo01
409,Moses Brown,23,LAC,C,34,1,288,7.6,12.0,.635,0.0,0.0,,7.6,12.0,.635,.635,4.1,9.0,.458,7.1,10.2,17.4,0.5,0.4,1.7,1.7,4.7,19.4,,brownmo01
409,Moses Brown,23,BRK,C,2,0,6,0.0,0.0,,0.0,0.0,,0.0,0.0,,,0.0,0.0,,0.0,0.0,0.0,0.0,6.0,0.0,6.0,6.0,0.0,,brownmo01
410,Nathan Knight,25,MIN,C,38,0,291,5.7,10.0,.568,1.0,2.7,.364,4.7,7.3,.644,.617,4.8,7.1,.684,2.7,4.2,6.9,1.6,1.2,0.7,2.6,5.1,17.2,,knighna01
411,Kennedy Chandler,20,MEM,PG,36,0,281,4.5,10.6,.422,0.3,1.9,.133,4.2,8.7,.485,.434,0.8,1.7,.462,1.2,3.7,4.9,7.4,1.5,0.6,2.3,1.9,10.0,,chandke01
412,Dalano Banton,23,TOR,PG,31,2,279,7.1,16.8,.423,1.9,6.6,.294,5.2,10.2,.506,.481,2.2,3.1,.708,1.4,4.4,5.8,4.6,1.7,1.7,2.3,4.4,18.3,,bantoda01
413,Trent Forrest,24,ATL,SG,23,3,277,3.2,7.8,.417,0.0,0.3,.000,3.2,7.5,.431,.417,0.3,0.4,.667,0.6,4.2,4.8,4.9,0.9,0.3,1.9,2.2,6.8,,forretr01
414,Bryn Forbes,29,MIN,SG,25,0,268,4.0,11.1,.361,1.9,6.2,.304,2.1,5.0,.432,.446,2.0,2.0,1.000,0.5,1.5,2.0,2.3,0.9,0.3,1.6,3.0,12.0,,forbebr01
415,Terry Taylor,23,2TM,PF,31,2,264,5.3,10.2,.520,0.7,2.6,.263,4.6,7.6,.607,.553,0.8,1.5,.545,3.7,2.7,6.4,1.4,0.4,0.8,1.2,3.5,12.1,,taylote01
415,Terry Taylor,23,IND,PF,26,2,228,4.7,10.3,.462,0.6,2.8,.222,4.1,7.4,.553,.492,0.8,1.1,.714,3.5,2.7,6.2,1.6,0.5,0.8,1.4,3.8,10.9,,taylote01
415,Terry Taylor,23,CHI,PF,5,0,36,9.0,10.0,.900,1.0,1.0,1.000,8.0,9.0,.889,.950,1.0,4.0,.250,5.0,3.0,8.0,0.0,0.0,1.0,0.0,2.0,20.0,,taylote01
416,Jeff Dowtin Jr.,25,TOR,PG,25,0,259,3.5,7.9,.439,0.7,2.2,.313,2.8,5.7,.488,.482,0.8,1.3,.667,0.8,2.4,3.2,4.3,1.3,0.4,0.7,1.8,8.5,,dowtije01
417,KZ Okpala,23,SAC,PF,35,3,248,2.3,5.5,.421,1.0,3.0,.333,1.3,2.5,.529,.513,1.0,1.2,.875,1.0,3.9,4.9,1.9,1.0,1.0,1.0,5.7,6.7,,okpalkz01
418,Brandon Boston Jr.,21,LAC,SF,22,1,248,7.4,17.7,.418,1.7,4.2,.414,5.7,13.5,.419,.467,4.2,5.5,.763,1.0,3.3,4.4,2.9,1.3,0.0,1.7,3.0,20.8,,bostobr01
419,Luka Garza,24,MIN,C,28,0,243,9.3,17.2,.543,2.1,5.8,.359,7.3,11.4,.636,.603,6.1,7.7,.788,4.9,4.4,9.3,2.7,0.4,0.3,2.1,6.4,26.8,,garzalu01
420,Jamal Cain,23,MIA,PF,18,0,240,5.5,9.9,.561,1.0,3.0,.350,4.5,6.9,.652,.614,2.5,3.3,.773,2.3,5.5,7.8,1.8,1.6,0.1,0.9,3.2,14.7,,cainja01
421,Kira Lewis Jr.,21,NOP,PG,25,0,235,6.1,13.5,.455,2.3,5.2,.441,3.8,8.3,.463,.540,2.9,3.4,.864,0.8,4.3,5.1,3.5,1.5,0.3,1.5,3.7,17.5,,lewiski01
422,Frank Kaminsky,29,2TM,C,36,0,235,4.7,9.7,.492,2.0,5.1,.394,2.8,4.6,.600,.595,2.1,2.5,.875,1.1,6.9,8.0,4.9,0.9,0.6,1.4,3.4,13.6,,kaminfr01
422,Frank Kaminsky,29,ATL,C,26,0,176,5.1,9.0,.568,2.3,4.7,.478,2.9,4.3,.667,.693,2.0,2.5,.833,0.6,6.8,7.4,4.3,1.0,0.2,1.8,4.3,14.5,,kaminfr01
422,Frank Kaminsky,29,HOU,C,10,0,59,3.7,11.6,.316,1.2,6.1,.200,2.4,5.5,.444,.368,2.4,2.4,1.000,2.4,7.3,9.8,6.7,0.6,1.8,0.0,0.6,11.0,,kaminfr01
423,Johnny Juzang,21,UTA,SG,18,0,232,5.4,16.1,.337,2.3,9.8,.238,3.1,6.4,.488,.409,0.3,0.6,.500,1.2,4.8,6.1,1.2,0.6,0.5,0.5,2.0,13.5,,juzanjo01
424,David Duke Jr.,23,BRK,SG,23,0,228,5.7,12.3,.462,0.2,1.9,.083,5.5,10.4,.530,.468,1.9,2.7,.706,1.7,2.8,4.6,3.3,1.6,0.2,2.8,4.9,13.4,,dukeda01
425,Patrick Baldwin Jr.,20,GSW,SF,31,0,226,6.8,17.4,.394,5.1,13.4,.381,1.8,4.0,.440,.541,0.6,1.0,.667,0.2,6.2,6.4,1.8,1.0,0.6,1.8,2.2,19.4,,baldwpa01
426,John Butler,20,POR,C,19,1,221,2.8,8.6,.321,1.3,5.7,.229,1.5,2.9,.500,.396,0.5,0.7,.750,0.5,2.3,2.8,1.8,1.1,1.5,0.2,3.6,7.3,,butlejo01
427,Cody Zeller,30,MIA,C,15,2,217,6.1,9.8,.627,0.0,0.3,.000,6.1,9.5,.649,.627,4.0,5.8,.686,4.1,6.5,10.6,1.7,0.5,0.7,2.3,5.5,16.3,,zelleco01
428,Dalen Terry,20,CHI,SG,38,0,214,5.4,12.1,.444,1.2,4.5,.259,4.2,7.6,.556,.493,2.4,3.5,.667,2.0,4.2,6.2,3.7,1.9,0.8,1.3,4.0,14.3,,terryda01
429,Matthew Dellavedova,32,SAC,PG,32,0,213,2.9,8.5,.340,1.5,4.6,.333,1.4,3.9,.348,.430,0.7,1.2,.571,0.2,2.0,2.2,6.9,1.2,0.0,1.7,3.4,7.9,,dellama01
430,Thanasis Antetokounmpo,30,MIL,PF,37,0,206,3.5,8.0,.435,0.0,1.4,.000,3.5,6.6,.526,.435,1.9,3.8,.500,2.6,5.1,7.7,2.6,0.5,0.5,2.1,3.8,8.9,,antetth01
431,Nikola Jović,19,MIA,PF,15,8,204,4.9,12.2,.406,1.4,6.2,.229,3.5,6.0,.588,.464,3.2,3.4,.947,1.6,3.9,5.5,1.8,1.2,0.4,1.8,3.4,14.5,,jovicni01
432,Jared Rhoden,23,DET,SG,14,0,198,3.1,8.0,.386,0.9,3.6,.250,2.2,4.4,.500,.443,1.1,1.1,1.000,2.0,4.7,6.7,0.7,0.7,0.2,0.5,4.2,8.2,,rhodeja01
433,Moussa Diabaté,21,LAC,C,22,1,195,4.4,8.7,.511,0.2,0.4,.500,4.2,8.3,.511,.521,1.8,3.0,.625,5.7,3.5,9.2,0.7,1.3,1.5,1.7,2.8,10.9,,diabamo01
434,Nerlens Noel,28,2TM,C,17,4,195,2.4,6.6,.361,0.2,0.4,.500,2.2,6.3,.353,.375,1.5,2.2,.667,1.8,6.6,8.5,1.8,3.0,1.8,2.4,5.9,6.5,,noelne01
434,Nerlens Noel,28,DET,C,14,3,152,2.8,7.1,.400,0.2,0.5,.500,2.6,6.6,.393,.417,1.7,2.4,.700,1.7,7.1,8.8,1.7,3.1,2.1,1.9,5.9,7.6,,noelne01
434,Nerlens Noel,28,BRK,C,3,1,43,0.8,5.0,.167,0.0,0.0,,0.8,5.0,.167,.167,0.8,1.7,.500,2.5,5.0,7.5,2.5,2.5,0.8,4.2,5.9,2.5,,noelne01
435,Skylar Mays,25,POR,PG,6,6,189,6.5,13.0,.500,2.3,5.0,.462,4.2,8.0,.524,.588,2.3,2.5,.923,0.4,3.2,3.6,9.5,1.1,0.2,1.9,2.1,17.5,,mayssk01
436,Peyton Watson,20,DEN,SG,23,2,186,5.6,11.4,.492,1.2,2.7,.429,4.5,8.7,.511,.542,2.1,3.9,.550,1.5,5.6,7.2,2.1,0.4,2.1,1.5,2.7,14.5,,watsope01
437,Serge Ibaka,33,MIL,C,16,0,185,5.1,10.5,.481,1.2,3.5,.333,3.9,7.0,.556,.537,1.6,2.5,.615,2.9,5.6,8.6,0.8,0.4,1.4,2.1,4.5,12.8,,ibakase01
438,Kenneth Lofton Jr.,20,MEM,PF,24,1,176,10.0,19.0,.527,1.2,3.5,.353,8.8,15.5,.566,.559,3.3,5.5,.593,3.9,6.5,10.4,4.1,1.0,0.4,2.5,5.7,24.5,,loftoke01
439,Mamadi Diakite,26,CLE,C,22,2,176,4.9,10.2,.480,1.4,4.3,.333,3.5,5.9,.586,.550,0.4,0.4,1.000,1.6,4.5,6.1,1.6,0.8,1.8,2.5,5.3,11.7,,diakima01
440,Ryan Arcidiacono,28,2TM,PG,20,4,172,1.9,7.7,.243,1.7,4.8,.348,0.2,2.9,.071,.351,0.0,0.0,,0.0,3.1,3.1,4.8,1.0,0.0,1.5,3.6,5.4,,arcidry01
440,Ryan Arcidiacono,28,NYK,PG,11,0,26,1.4,6.9,.200,1.4,4.2,.333,0.0,2.8,.000,.300,0.0,0.0,,0.0,5.5,5.5,2.8,2.8,0.0,1.4,4.2,4.2,,arcidry01
440,Ryan Arcidiacono,28,POR,PG,9,4,146,2.0,7.9,.250,1.7,4.9,.350,0.2,3.0,.083,.359,0.0,0.0,,0.0,2.7,2.7,5.2,0.7,0.0,1.5,3.5,5.7,,arcidry01
441,Boban Marjanović,34,HOU,C,31,0,171,8.6,12.6,.683,0.0,0.2,.000,8.6,12.4,.695,.683,4.2,5.7,.741,4.2,8.4,12.6,1.9,1.1,0.4,2.9,2.1,21.5,,marjabo01
442,Noah Vonleh,27,BOS,C,23,1,171,2.3,5.1,.458,0.2,0.8,.250,2.1,4.2,.500,.479,0.4,0.4,1.000,3.8,6.3,10.1,1.5,0.4,1.7,2.3,7.4,5.3,,vonleno01
443,Vít Krejčí,22,ATL,PG,29,0,165,3.3,8.1,.405,1.1,4.6,.238,2.2,3.5,.625,.473,0.2,0.4,.500,1.3,4.4,5.7,3.7,1.1,0.2,1.1,3.7,7.9,,krejcvi01
444,Garrett Temple,36,NOP,SG,25,0,162,4.0,10.0,.400,2.4,5.8,.423,1.6,4.2,.368,.522,0.7,0.9,.750,1.1,2.7,3.8,2.9,2.0,0.4,0.9,3.3,11.1,,templga01
445,Khem Birch,30,TOR,C,20,0,162,4.2,7.1,.594,0.2,0.4,.500,4.0,6.7,.600,.609,0.9,1.1,.800,1.8,3.8,5.6,1.6,1.1,1.1,1.8,5.3,9.6,,birchkh01
446,James Johnson,35,IND,PF,18,1,162,4.9,10.9,.449,0.7,3.3,.200,4.2,7.6,.559,.480,0.9,1.8,.500,0.9,5.8,6.7,3.3,1.6,1.3,1.8,7.1,11.3,,johnsja01
447,Alex Len,29,SAC,C,26,2,161,3.6,6.7,.533,0.0,0.4,.000,3.6,6.3,.571,.533,2.5,3.6,.688,5.4,8.0,13.4,2.7,0.9,2.5,3.6,6.3,9.6,,lenal01
448,Luka Šamanić,23,UTA,PF,7,4,161,5.8,12.7,.456,1.8,6.9,.258,4.0,5.8,.692,.526,2.0,2.9,.692,0.0,6.7,6.7,3.4,1.3,0.4,2.2,3.8,15.4,,samanlu01
449,Dru Smith,25,2TM,SG,15,1,158,4.1,10.3,.400,1.1,4.3,.263,3.0,5.9,.500,.456,0.7,0.7,1.000,0.5,5.0,5.5,5.0,2.3,0.9,0.7,5.2,10.0,,smithdr01
449,Dru Smith,25,MIA,SG,5,1,67,2.7,7.5,.357,0.5,3.2,.167,2.1,4.3,.500,.393,0.0,0.0,,0.5,4.3,4.8,2.7,2.1,1.6,0.5,5.4,5.9,,smithdr01
449,Dru Smith,25,BRK,SG,10,0,91,5.1,12.3,.419,1.6,5.1,.308,3.6,7.1,.500,.484,1.2,1.2,1.000,0.4,5.5,5.9,6.7,2.4,0.4,0.8,5.1,13.1,,smithdr01
450,Wendell Moore Jr.,21,MIN,SG,29,2,153,4.2,10.1,.419,0.5,4.0,.118,3.8,6.1,.615,.442,0.9,1.2,.800,0.9,3.3,4.2,4.2,1.9,1.2,1.9,3.1,9.9,,moorewe01
451,Otto Porter Jr.,29,TOR,SF,8,2,146,3.7,7.4,.500,1.5,4.2,.353,2.2,3.2,.692,.600,2.0,2.0,1.000,1.5,3.2,4.7,2.0,2.7,0.0,1.0,1.7,10.8,,porteot01
452,Kemba Walker,32,DAL,PG,9,1,144,6.0,14.2,.421,1.7,7.0,.250,4.2,7.3,.586,.482,4.2,5.2,.810,0.7,3.3,4.0,4.7,0.5,0.5,1.0,2.7,18.0,,walkeke02
453,Danny Green,35,2TM,SG,11,0,138,5.7,12.8,.449,4.2,9.7,.432,1.6,3.1,.500,.612,0.3,0.3,1.000,0.8,2.9,3.7,1.6,1.6,0.8,2.6,4.2,15.9,,greenda02
453,Danny Green,35,MEM,SG,3,0,43,2.5,9.2,.273,2.5,6.7,.375,0.0,2.5,.000,.409,0.0,0.0,,0.8,2.5,3.3,1.7,0.8,0.0,2.5,5.0,7.5,,greenda02
453,Danny Green,35,CLE,SG,8,0,95,7.2,14.4,.500,4.9,11.0,.448,2.3,3.4,.667,.671,0.4,0.4,1.000,0.8,3.0,3.8,1.5,1.9,1.1,2.7,3.8,19.7,,greenda02
454,Jarrett Culver,23,ATL,SF,10,1,137,4.5,11.3,.395,0.3,3.2,.083,4.2,8.1,.516,.407,2.4,3.4,.692,2.6,7.4,10.0,1.6,1.6,0.5,1.8,3.7,11.6,,culveja01
455,Quenton Jackson,24,WAS,PG,9,0,135,5.1,11.2,.452,0.3,3.2,.083,4.8,8.0,.600,.464,4.5,5.9,.773,0.5,1.6,2.1,4.0,1.1,0.3,1.1,2.7,14.9,,jacksqu01
456,Cody Martin,27,CHO,SF,7,0,134,3.8,9.7,.389,0.8,3.8,.214,3.0,5.9,.500,.431,1.1,1.9,.571,2.1,4.3,6.4,3.0,1.1,0.3,0.5,3.5,9.4,,martico01
457,Nate Williams,23,POR,SG,5,4,127,6.8,11.1,.615,0.9,2.3,.375,6.0,8.8,.677,.654,0.6,0.9,.667,2.8,1.4,4.3,2.8,0.9,0.6,1.1,3.7,15.0,,willije02
458,Xavier Cooks,27,WAS,PF,10,1,126,4.9,8.0,.607,0.0,0.3,.000,4.9,7.7,.630,.607,1.1,2.9,.400,4.6,6.3,10.9,1.7,1.7,1.1,2.3,3.7,10.9,,cooksxa01
459,Jason Preston,23,LAC,PG,14,0,124,5.2,11.9,.439,1.5,5.2,.278,3.8,6.7,.565,.500,0.0,0.6,.000,0.6,5.8,6.4,7.8,0.6,0.0,2.9,2.0,11.9,,prestja01
460,Jonathan Isaac,25,ORL,PF,11,0,124,6.4,15.4,.415,1.7,4.4,.400,4.6,11.0,.421,.472,1.5,2.6,.556,4.4,8.4,12.8,1.7,4.1,1.2,1.2,1.5,16.0,,isaacjo01
461,Shaquille Harrison,29,POR,SG,5,0,120,4.5,10.8,.417,0.9,3.0,.300,3.6,7.8,.462,.458,3.3,4.5,.733,0.3,6.3,6.6,9.0,3.3,0.6,1.8,3.6,13.2,,harrish01
462,Meyers Leonard,30,MIL,C,9,2,114,4.4,9.2,.483,2.2,5.7,.389,2.2,3.5,.636,.603,2.5,2.8,.889,3.8,6.9,10.7,0.3,0.6,0.0,1.9,5.1,13.6,,leoname01
463,Olivier Sarr,23,OKC,C,9,1,114,4.7,9.5,.500,0.3,2.5,.125,4.4,6.9,.636,.517,1.6,2.2,.714,3.8,6.0,9.8,1.3,0.3,1.6,1.3,5.4,11.4,,sarrol01
464,Andre Iguodala,39,GSW,PF,8,0,113,2.2,4.8,.467,0.3,2.9,.111,1.9,1.9,1.000,.500,0.6,1.0,.667,1.0,4.5,5.4,6.1,1.3,1.0,2.9,3.5,5.4,,iguodan01
465,Daniel Theis,30,IND,C,7,1,109,6.9,14.5,.477,0.7,3.6,.182,6.3,10.9,.576,.500,1.7,4.0,.417,2.3,5.0,7.3,3.0,0.7,2.0,1.0,2.3,16.2,,theisda01
466,A.J. Lawson,22,2TM,SG,15,0,108,7.3,14.7,.500,3.3,8.3,.400,4.0,6.3,.632,.614,0.7,2.7,.250,2.0,5.0,7.0,0.7,0.7,0.0,1.0,3.7,18.7,,lawsoaj01
466,A.J. Lawson,22,MIN,SG,1,0,2,18.0,18.0,1.000,0.0,0.0,,18.0,18.0,1.000,1.000,0.0,0.0,,0.0,18.0,18.0,0.0,0.0,0.0,0.0,18.0,36.0,,lawsoaj01
466,A.J. Lawson,22,DAL,SG,14,0,106,7.1,14.6,.488,3.4,8.5,.400,3.7,6.1,.611,.605,0.7,2.7,.250,2.0,4.8,6.8,0.7,0.7,0.0,1.0,3.4,18.3,,lawsoaj01
467,Justin Jackson,27,BOS,SF,23,0,107,2.4,9.1,.259,1.7,6.7,.250,0.7,2.4,.286,.352,0.3,0.7,.500,0.7,5.0,5.7,3.0,1.3,1.3,0.7,2.4,6.7,,jacksju01
468,Vince Williams Jr.,22,MEM,SG,15,1,105,4.1,13.7,.300,1.4,9.6,.143,2.7,4.1,.667,.350,0.7,0.7,1.000,1.4,3.8,5.1,1.4,2.1,0.7,1.7,4.1,10.3,,willivi01
469,Josh Minott,20,MIN,SF,15,0,96,6.8,13.5,.500,0.7,2.3,.333,6.0,11.3,.533,.528,3.0,3.0,1.000,1.9,7.5,9.4,1.9,1.5,2.3,1.1,3.7,17.2,,minotjo01
470,Jay Huff,24,WAS,C,7,0,95,5.7,9.5,.600,2.3,4.5,.500,3.4,4.9,.692,.720,5.7,6.1,.938,2.3,5.7,8.0,3.8,1.1,1.5,1.9,5.7,19.3,,huffja01
471,Greg Brown III,21,POR,PF,16,0,93,4.3,10.8,.393,0.4,2.7,.143,3.9,8.1,.476,.411,1.9,4.6,.417,0.8,6.6,7.4,1.2,1.5,1.9,2.3,5.0,10.8,,browngr01
472,Joshua Primo,20,SAS,SG,4,0,93,3.5,10.1,.346,1.2,4.6,.250,2.3,5.4,.429,.404,2.7,3.5,.778,0.8,4.3,5.0,7.0,0.4,0.8,4.3,3.1,10.8,,primojo01
473,Buddy Boeheim,23,DET,SF,10,0,90,2.0,10.8,.185,1.6,10.0,.160,0.4,0.8,.500,.259,0.8,0.8,1.000,0.8,1.6,2.4,1.6,0.8,0.0,0.0,2.4,6.4,,boehebu01
474,Jaden Springer,20,PHI,SG,16,2,89,6.9,14.2,.486,0.8,2.0,.400,6.1,12.1,.500,.514,2.4,3.2,.750,2.4,3.2,5.7,3.2,2.8,1.2,1.2,6.1,17.0,,sprinja01
475,Justin Minaya,23,POR,SF,4,0,89,2.8,9.3,.304,1.2,4.9,.250,1.6,4.4,.364,.370,0.0,0.4,.000,1.2,4.9,6.1,1.6,0.8,2.0,1.6,3.6,6.9,,minayju01
476,Lindell Wigginton,24,MIL,PG,7,1,87,7.4,15.3,.486,2.5,7.4,.333,5.0,7.9,.632,.568,3.3,3.7,.889,0.0,2.9,2.9,5.8,0.0,0.8,5.0,2.9,20.7,,wiggili01
477,Isaiah Mobley,23,CLE,PF,12,0,84,5.1,12.0,.429,1.3,3.4,.375,3.9,8.6,.450,.482,1.7,1.7,1.000,1.7,6.9,8.6,1.3,1.7,1.3,0.4,3.4,13.3,,mobleis01
478,Jordan Hall,21,SAS,SF,9,0,83,3.9,12.1,.321,1.3,6.5,.200,2.6,5.6,.462,.375,3.0,3.9,.778,1.3,3.9,5.2,4.8,0.4,0.0,3.0,2.6,12.1,,halljo02
479,Omer Yurtseven,24,MIA,C,9,0,83,6.9,11.7,.593,1.3,3.0,.429,5.6,8.7,.650,.648,2.2,2.6,.833,3.5,6.5,10.0,0.9,0.9,0.9,1.7,6.9,17.3,,yurtsom01
480,PJ Dozier,26,SAC,SF,16,0,79,4.6,15.0,.303,0.9,7.3,.125,3.6,7.7,.471,.333,0.0,0.0,,0.5,5.9,6.4,4.6,2.7,0.5,2.3,3.2,10.0,,doziepj01
481,Jared Butler,22,OKC,PG,6,1,77,7.0,15.0,.469,3.3,6.5,.500,3.7,8.4,.444,.578,0.0,0.0,,0.5,1.4,1.9,3.7,2.3,0.0,2.3,2.3,17.3,,butleja02
482,Keon Ellis,23,SAC,SG,16,0,71,3.5,8.1,.438,3.0,6.1,.500,0.5,2.0,.250,.625,2.0,3.5,.571,2.0,2.0,4.1,3.0,2.5,0.5,0.5,5.1,12.2,,elliske01
483,Udonis Haslem,42,MIA,C,7,1,71,5.1,14.7,.345,1.5,4.6,.333,3.5,10.1,.350,.397,2.0,2.5,.800,2.0,3.5,5.6,0.0,0.5,1.0,0.5,5.6,13.7,,hasleud01
484,Jamaree Bouyea,23,2TM,PG,5,0,71,3.0,7.1,.429,1.0,3.0,.333,2.0,4.1,.500,.500,0.5,1.0,.500,0.5,2.5,3.0,2.0,2.0,1.0,2.0,3.0,7.6,,bouyeja01
484,Jamaree Bouyea,23,MIA,PG,4,0,65,3.3,7.2,.462,1.1,2.8,.400,2.2,4.4,.500,.538,0.6,1.1,.500,0.6,2.2,2.8,2.2,2.2,1.1,2.2,2.8,8.3,,bouyeja01
484,Jamaree Bouyea,23,WAS,PG,1,0,6,0.0,6.0,.000,0.0,6.0,.000,0.0,0.0,,.000,0.0,0.0,,0.0,6.0,6.0,0.0,0.0,0.0,0.0,6.0,0.0,,bouyeja01
485,Trevelin Queen,25,IND,SG,7,0,70,3.6,14.9,.241,1.0,7.7,.133,2.6,7.2,.357,.276,2.6,2.6,1.000,4.1,4.6,8.7,3.1,1.0,2.6,3.6,2.1,10.8,,queentr01
486,Leandro Bolmaro,22,UTA,SF,14,0,68,1.6,10.6,.150,0.0,2.1,.000,1.6,8.5,.188,.150,0.0,0.0,,2.1,1.6,3.7,3.7,1.6,0.5,3.7,5.3,3.2,,bolmale01
487,Jack White,25,DEN,SF,17,0,66,4.4,10.4,.421,1.6,4.9,.333,2.7,5.5,.500,.500,1.1,1.6,.667,3.3,6.0,9.3,2.2,1.6,1.1,1.1,4.9,11.5,,whiteja03
488,Tyrese Martin,23,ATL,SG,16,0,66,4.9,12.5,.391,0.5,3.8,.143,4.4,8.7,.500,.413,1.1,1.1,1.000,2.7,3.8,6.5,1.1,0.5,0.0,1.1,1.1,11.5,,martity01
489,JD Davison,20,BOS,SG,12,0,66,4.4,10.4,.421,1.1,3.8,.286,3.3,6.5,.500,.474,0.5,1.1,.500,1.1,3.8,4.9,6.0,1.1,1.1,2.2,2.7,10.4,,davisjd01
490,Ryan Rollins,20,GSW,PG,12,0,62,4.1,11.6,.350,1.7,5.2,.333,2.3,6.4,.364,.425,3.5,3.5,1.000,1.7,5.2,7.0,3.5,0.6,0.6,9.3,5.8,13.4,,rolliry01
491,Isaiah Todd,21,WAS,PF,6,1,61,1.8,11.2,.158,0.6,5.9,.100,1.2,5.3,.222,.184,1.2,1.2,1.000,1.2,5.9,7.1,2.4,0.6,0.0,1.2,2.4,5.3,,toddis01
492,Sam Merrill,26,CLE,SG,5,0,59,5.5,13.4,.409,3.1,11.0,.278,2.4,2.4,1.000,.523,1.2,1.2,1.000,0.0,5.5,5.5,3.1,2.4,0.0,0.0,1.8,15.3,,merrisa01
493,Carlik Jones,25,CHI,PG,7,0,56,3.9,9.6,.400,1.9,3.9,.500,1.9,5.8,.333,.500,3.2,5.1,.625,0.6,2.6,3.2,3.9,1.3,0.0,1.3,1.3,12.9,,jonesca03
494,Gabe York,29,IND,SG,3,0,56,5.1,13.5,.381,3.9,11.6,.333,1.3,1.9,.667,.524,1.3,1.3,1.000,0.0,3.9,3.9,3.2,1.3,0.0,0.0,3.2,15.4,,yorkga01
495,Devon Dotson,23,WAS,PG,6,0,53,0.7,6.8,.100,0.7,2.7,.250,0.0,4.1,.000,.150,0.0,0.0,,4.1,2.7,6.8,5.4,3.4,0.0,2.0,6.1,2.0,,dotsode01
496,Facundo Campazzo,31,DAL,PG,8,0,52,2.1,9.0,.231,2.1,7.6,.273,0.0,1.4,.000,.346,0.7,1.4,.500,0.0,1.4,1.4,6.2,4.2,0.0,2.1,2.1,6.9,,campafa01
497,Micah Potter,24,UTA,PF,7,0,52,6.9,10.4,.667,2.8,4.8,.571,4.2,5.5,.750,.800,0.0,0.0,,2.1,9.0,11.1,2.8,0.7,0.0,1.4,3.5,16.6,,pottemi01
498,Joe Wieskamp,23,TOR,SF,9,0,50,2.2,10.1,.214,2.2,8.6,.250,0.0,1.4,.000,.321,0.0,0.0,,0.0,2.9,2.9,2.2,0.0,0.0,0.7,2.2,6.5,,wieskjo01
499,Ron Harper Jr.,22,TOR,PF,9,0,48,6.0,12.0,.500,2.3,6.8,.333,3.7,5.2,.714,.594,0.7,0.7,1.000,2.3,3.0,5.2,3.0,0.0,0.7,0.0,2.3,15.0,,harpero02
500,Xavier Sneed,25,CHO,SF,4,0,48,3.7,7.5,.500,2.3,4.5,.500,1.5,3.0,.500,.650,3.0,3.0,1.000,0.0,3.7,3.7,3.7,0.0,0.7,2.3,5.2,12.7,,sneedxa01
501,Michael Carter-Williams,31,ORL,PG,4,0,44,4.9,11.5,.429,0.8,2.5,.333,4.1,9.0,.455,.464,3.3,5.7,.571,0.8,3.3,4.1,5.7,0.8,0.8,3.3,4.1,13.9,,cartemi01
502,Cole Swider,23,LAL,SF,7,0,41,2.6,7.9,.333,2.6,7.0,.375,0.0,0.9,.000,.500,0.0,0.0,,0.9,5.3,6.1,3.5,0.0,0.0,0.0,2.6,7.9,,swideco01
503,Mac McClung,24,PHI,SG,2,0,41,7.9,17.6,.450,3.5,9.7,.364,4.4,7.9,.556,.550,2.6,4.4,.600,2.6,6.1,8.8,7.9,0.0,0.0,2.6,2.6,22.0,,mccluma01
504,Jacob Gilyard,24,MEM,PG,1,0,41,0.9,2.6,.333,0.9,2.6,.333,0.0,0.0,,.500,0.0,0.0,,0.0,3.5,3.5,6.1,2.6,0.0,1.8,2.6,2.6,,gilyaja01
505,Kendall Brown,19,IND,SG,6,0,40,3.6,6.3,.571,0.0,0.9,.000,3.6,5.4,.667,.571,0.9,1.8,.500,1.8,3.6,5.4,2.7,3.6,0.0,1.8,8.1,8.1,,brownke03
506,Jarrell Brantley,26,UTA,PF,4,0,39,7.4,12.9,.571,3.7,8.3,.444,3.7,4.6,.800,.714,1.8,1.8,1.000,0.9,4.6,5.5,2.8,0.0,1.8,1.8,2.8,20.3,,brantja01
507,Mfiondu Kabengele,25,BOS,PF,4,0,36,2.0,7.0,.286,0.0,3.0,.000,2.0,4.0,.500,.286,2.0,2.0,1.000,5.0,5.0,10.0,0.0,2.0,0.0,1.0,3.0,6.0,,kabenmf01
508,RaiQuan Gray,23,BRK,PF,1,0,35,6.2,12.3,.500,2.1,5.1,.400,4.1,7.2,.571,.583,2.1,2.1,1.000,3.1,6.2,9.3,7.2,0.0,1.0,4.1,5.1,16.5,,grayra01
509,Justin Champagnie,21,2TM,SF,5,0,34,5.3,15.9,.333,1.1,5.3,.200,4.2,10.6,.400,.367,0.0,0.0,,3.2,5.3,8.5,4.2,1.1,0.0,0.0,2.1,11.6,,champju01
509,Justin Champagnie,21,TOR,SF,3,0,11,9.8,9.8,1.000,0.0,0.0,,9.8,9.8,1.000,1.000,0.0,0.0,,3.3,9.8,13.1,3.3,0.0,0.0,0.0,3.3,19.6,,champju01
509,Justin Champagnie,21,BOS,SF,2,0,23,3.1,18.8,.167,1.6,7.8,.200,1.6,11.0,.143,.208,0.0,0.0,,3.1,3.1,6.3,4.7,1.6,0.0,0.0,1.6,7.8,,champju01
510,Tony Bradley,25,CHI,C,12,0,33,6.5,13.1,.500,3.3,5.5,.600,3.3,7.6,.429,.625,4.4,4.4,1.000,1.1,10.9,12.0,1.1,1.1,1.1,1.1,2.2,20.7,,bradlto01
511,Scotty Pippen Jr.,22,LAL,PG,6,0,32,4.5,13.5,.333,1.1,3.4,.333,3.4,10.1,.333,.375,5.6,10.1,.556,2.3,2.3,4.5,2.3,2.3,1.1,2.3,3.4,15.8,,pippesc02
512,Alize Johnson,26,SAS,PF,4,0,30,3.6,7.2,.500,0.0,2.4,.000,3.6,4.8,.750,.500,1.2,2.4,.500,2.4,9.6,12.0,1.2,1.2,0.0,4.8,3.6,8.4,,johnsal02
513,Jay Scrubb,22,ORL,SG,2,0,30,6.0,8.4,.714,2.4,2.4,1.000,3.6,6.0,.600,.857,1.2,2.4,.500,0.0,7.2,7.2,1.2,2.4,0.0,3.6,2.4,15.6,,scrubja01
514,Neemias Queta,23,SAC,C,5,0,29,7.4,11.2,.667,0.0,0.0,,7.4,11.2,.667,.667,0.0,2.5,.000,6.2,7.4,13.7,1.2,0.0,2.5,1.2,8.7,14.9,,quetane01
515,Louis King,23,PHI,PF,1,0,29,9.9,16.1,.615,5.0,9.9,.500,5.0,6.2,.800,.769,0.0,1.2,.000,2.5,2.5,5.0,2.5,1.2,0.0,2.5,5.0,24.8,,kinglo02
516,Vernon Carey Jr.,21,WAS,C,11,0,28,2.6,10.3,.250,0.0,0.0,,2.6,10.3,.250,.250,2.6,2.6,1.000,3.9,10.3,14.1,3.9,2.6,2.6,2.6,6.4,7.7,,careyve01
517,Trevor Hudgins,23,HOU,PG,5,0,28,2.6,11.6,.222,2.6,10.3,.250,0.0,1.3,.000,.333,3.9,3.9,1.000,0.0,0.0,0.0,3.9,0.0,0.0,1.3,1.3,11.6,,hudgitr01
518,Kobi Simmons,25,CHO,SG,5,0,28,1.3,7.7,.167,1.3,6.4,.200,0.0,1.3,.000,.250,2.6,2.6,1.000,1.3,3.9,5.1,6.4,0.0,2.6,1.3,0.0,6.4,,simmoko01
519,Darius Days,23,HOU,SF,4,0,25,7.2,17.3,.417,4.3,14.4,.300,2.9,2.9,1.000,.542,2.9,2.9,1.000,1.4,7.2,8.6,1.4,0.0,1.4,0.0,2.9,21.6,,daysda01
520,Sterling Brown,27,LAL,SF,4,0,24,0.0,6.0,.000,0.0,3.0,.000,0.0,3.0,.000,.000,0.0,0.0,,4.5,7.5,12.0,3.0,4.5,0.0,0.0,6.0,0.0,,brownst02
521,Chance Comanche,26,POR,C,1,0,21,5.1,8.6,.600,0.0,0.0,,5.1,8.6,.600,.600,1.7,6.9,.250,3.4,1.7,5.1,0.0,0.0,1.7,0.0,0.0,12.0,,comanch01
522,Marko Simonovic,23,CHI,C,7,0,20,3.6,12.6,.286,1.8,7.2,.250,1.8,5.4,.333,.357,1.8,3.6,.500,1.8,1.8,3.6,0.0,0.0,0.0,0.0,9.0,10.8,,simonma01
523,Xavier Moon,28,LAC,SG,4,0,20,5.4,16.2,.333,1.8,5.4,.333,3.6,10.8,.333,.389,0.0,0.0,,0.0,5.4,5.4,9.0,0.0,0.0,1.8,3.6,12.6,,moonxa01
524,Lester Quiñones,22,GSW,SG,4,0,18,4.0,10.0,.400,4.0,8.0,.500,0.0,2.0,.000,.600,8.0,12.0,.667,2.0,4.0,6.0,4.0,2.0,0.0,10.0,0.0,20.0,,quinole01
525,Dereon Seabron,22,NOP,SG,5,0,12,6.0,15.0,.400,0.0,0.0,,6.0,15.0,.400,.400,0.0,0.0,,3.0,0.0,3.0,0.0,0.0,0.0,0.0,3.0,12.0,,seabrde01
526,Dylan Windler,26,CLE,SF,3,0,10,7.2,10.8,.667,3.6,7.2,.500,3.6,3.6,1.000,.833,0.0,0.0,,0.0,0.0,0.0,3.6,3.6,0.0,3.6,0.0,18.0,,windldy01
527,Malcolm Hill,27,CHI,SF,5,0,9,8.0,16.0,.500,4.0,12.0,.333,4.0,4.0,1.000,.625,0.0,0.0,,0.0,12.0,12.0,0.0,0.0,0.0,0.0,4.0,20.0,,hillma01
528,Braxton Key,25,DET,SF,3,0,9,4.0,4.0,1.000,0.0,0.0,,4.0,4.0,1.000,1.000,8.0,8.0,1.000,0.0,4.0,4.0,0.0,0.0,0.0,0.0,0.0,16.0,,keybr01
529,Tyler Dorsey,26,DAL,SF,3,0,8,18.0,22.5,.800,4.5,9.0,.500,13.5,13.5,1.000,.900,0.0,0.0,,4.5,4.5,9.0,0.0,0.0,0.0,0.0,0.0,40.5,,dorsety01
530,Trevor Keels,19,NYK,SG,3,0,8,4.5,18.0,.250,4.5,18.0,.250,0.0,0.0,,.375,0.0,0.0,,0.0,9.0,9.0,0.0,0.0,0.0,0.0,0.0,13.5,,keelstr01
531,Chima Moneke,27,SAC,SF,2,0,8,4.5,9.0,.500,0.0,0.0,,4.5,9.0,.500,.500,0.0,9.0,.000,9.0,0.0,9.0,4.5,0.0,0.0,9.0,9.0,9.0,,monekch01
532,Deonte Burton,29,SAC,PF,2,0,6,0.0,12.0,.000,0.0,6.0,.000,0.0,6.0,.000,.000,0.0,0.0,,0.0,0.0,0.0,0.0,0.0,0.0,0.0,0.0,0.0,,burtode02
533,Jordan Schakel,24,WAS,SF,2,0,6,6.0,12.0,.500,6.0,6.0,1.000,0.0,6.0,.000,.750,0.0,0.0,,0.0,0.0,0.0,6.0,6.0,0.0,0.0,6.0,18.0,,schakjo01
534,Frank Jackson,24,UTA,PG,1,0,5,0.0,21.6,.000,0.0,7.2,.000,0.0,14.4,.000,.000,0.0,0.0,,7.2,7.2,14.4,7.2,0.0,0.0,0.0,0.0,0.0,,jacksfr01
535,Alondes Williams,23,BRK,SG,1,0,5,0.0,0.0,,0.0,0.0,,0.0,0.0,,,0.0,0.0,,0.0,7.2,7.2,0.0,0.0,0.0,14.4,7.2,0.0,,willial06
536,Donovan Williams,21,ATL,SG,2,0,4,18.0,45.0,.400,0.0,18.0,.000,18.0,27.0,.667,.400,0.0,0.0,,0.0,18.0,18.0,0.0,0.0,0.0,0.0,0.0,36.0,,willido02
537,Chris Silva,26,DAL,PF,1,0,3,12.0,12.0,1.000,0.0,0.0,,12.0,12.0,1.000,1.000,0.0,0.0,,0.0,0.0,0.0,0.0,0.0,0.0,12.0,24.0,24.0,,silvach01
538,Stanley Umude,23,DET,SG,1,0,2,0.0,18.0,.000,0.0,18.0,.000,0.0,0.0,,.000,36.0,36.0,1.000,0.0,0.0,0.0,0.0,18.0,18.0,0.0,0.0,36.0,,umudest01
539,Michael Foster Jr.,20,PHI,PF,1,0,1,0.0,0.0,,0.0,0.0,,0.0,0.0,,,0.0,0.0,,0.0,0.0,0.0,0.0,0.0,0.0,0.0,0.0,0.0,,fostemi02
,League Average,,,,,,,,,.475,,,.361,,,.548,.545,,,.782,,,,,,,,,,,-9999
